제품명,Codex 분류 메모,Figma 노출 순서,Figma 반영 상태,SERKAN Code,검수 상태,공식 링크,등록일,분류 확신도,브랜드,세르칸핏,연결 섹션 코드,이미지 상태,제품 사진,제품군,추천 대상,추천 이유 한 줄,카테고리,태그,트렌드 근거,협찬 가능성
라운드랩 자작나무 수분 선크림,,10,미반영,SR26-SK-SC-P003,검수 필요,https://roundlab.co.kr/,2026년 5월 29일 오후 2:16,보통,라운드랩,5,SR26-SK-SS,일반 제품컷 있음,https://img.danuri.io/catalog-image/527/155/011/89b1e86df368488ca348efbaa1330d09.jpg,선케어,,,피부관리,,백탁과 끈적임이 적은 데일리 선케어가 남성 루틴 진입 장벽을 낮춤.,높음
마녀공장 퓨어 클렌징 오일,,,,SR26-SK-CL-P006,검수 필요,https://manyo.co.kr/,2026년 5월 29일 오후 2:16,,마녀공장,4,,일반 제품컷 있음,https://img.danuri.io/catalog-image/799/264/011/d16dad9ea689420389b2b7a925bbfe2f.jpg,클렌징,,,피부관리,,선크림 사용 증가와 함께 저자극 이중세안 루틴 수요가 생김.,보통
아누아 어성초 77 수딩 토너,,,,SR26-SK-BR-P009,검수 필요,https://anua.kr/,2026년 5월 29일 오후 2:16,,아누아,4,,일반 제품컷 있음,https://img.danuri.io/catalog-image/213/507/014/099d82b78f7c4300a66f1f621cab2379.jpg,장벽케어,,,피부관리,,어성초 기반 진정 케어가 여드름성 피부와 민감 피부 양쪽에서 인지도가 높음.,보통
닥터지 그린 마일드 업 선 플러스,,30,미반영,SR26-SK-SC-P004,검수 필요,https://www.dr-g.co.kr/,2026년 5월 29일 오후 2:16,높음,닥터지,4,SR26-SK-SS,일반 제품컷 있음,https://img.danuri.io/catalog-image/647/447/030/132adeb197a842109c134303a797b34d.jpg,선케어,,,피부관리,,민감 피부용 무기자차 선케어 니즈가 꾸준하고 브랜드 신뢰도가 높음.,높음
넘버즈인 3번 보들보들 결 세럼,,,,SR26-SK-AG-P010,검수 필요,https://numbuzin.com/,2026년 5월 29일 오후 2:16,,넘버즈인,4,,일반 제품컷 있음,https://img.danuri.io/catalog-image/340/498/118/bf279e1cb2a94438a76ba39d3c0614b6.jpg,슬로우에이징,,,피부관리,,피부결과 모공을 관리하는 성분 기반 세럼 수요가 커짐.,보통
메디힐 마데카소사이드 흔적 패드,,,,SR26-SK-BR-P008,검수 필요,https://www.mediheal.co.kr/,2026년 5월 29일 오후 2:16,,메디힐,4,,일반 제품컷 있음,https://img.danuri.io/catalog-image/293/802/017/e39ab60293cc470c96c1d6d685b98099.jpg,장벽케어,,,피부관리,,토너패드가 진정과 흔적 케어를 겸하는 간편 루틴으로 자리잡음.,보통
조선미녀 맑은쌀 선크림,,20,미반영,SR26-SK-SC-P005,검수 필요,https://beautyofjoseon.com/,2026년 5월 29일 오후 2:16,보통,조선미녀,4,SR26-SK-SS,일반 제품컷 있음,https://img.danuri.io/catalog-image/912/548/027/dd091292f71e475cbd468deebf531f7b.jpg,선케어,,,피부관리,,K선케어 글로벌 수요와 가벼운 사용감이 맞물림.,보통
에스트라 아토베리어365 크림,,,,SR26-SK-BR-P002,검수 필요,https://www.aestura.com/,2026년 5월 29일 오후 2:16,,에스트라,5,,일반 제품컷 있음,https://image.shinsegaev.com/upload/C00001/s3/goods/org/321/260407151874321.jpg,장벽케어,,,피부관리,,장벽 회복과 민감 피부 케어가 데일리 스킨케어 핵심 축으로 확장됨.,높음
비플레인 녹두 약산성 클렌징폼,,,,SR26-SK-CL-P007,검수 필요,https://beplain.co.kr/,2026년 5월 29일 오후 2:16,,비플레인,4,,일반 제품컷 있음,https://img.danuri.io/catalog-image/106/916/027/352b5a7e65b04c0fb201cdcfcec1c357.jpg,클렌징,,,피부관리,,피부 장벽을 해치지 않는 약산성 클렌저 관심이 높음.,보통
토리든 다이브인 저분자 히알루론산 세럼,,,,SR26-SK-BR-P001,검수 필요,https://www.torriden.com/,2026년 5월 29일 오후 2:16,,토리든,5,,누끼/단독컷 있음,https://torridtr9977.cdn-nhncommerce.com/data/goods/23/08/32/182/182_detail_056.jpg,장벽케어,,,피부관리,,속건조와 수분 장벽을 동시에 잡는 저자극 수분 세럼 수요가 꾸준함.,높음
메디큐브 에이지알 부스터 프로,토큰 교체 후 REST health check 통과. 이미지 시각 확인: 흰 배경 단독 제품컷. Figma node 1:3 아래 SR26-SK-HD base code 제품 카드 섹션이 없어 임의 매핑하지 않음. 필요한 섹션/제품군: SR26-SK-HD / 홈케어디바이스.,,신규 섹션 후보,SR26-SK-HD-P015,승인,https://themedicube.co.kr/,2026년 5월 29일 오후 2:17,,메디큐브,5,,일반 제품컷 있음,https://img.danuri.io/catalog-image/110/857/028/de31db334f7449a5a8155d1e44fed26e.jpg,홈케어디바이스,,,피부관리,,홈 뷰티 디바이스가 루틴화되며 고가 협찬 콘텐츠 확장성이 큼.,높음
닥터자르트 시카페어 크림,,,,SR26-SK-BR-P013,검수 필요,https://www.drjart.com/,2026년 5월 29일 오후 2:17,,닥터자르트,4,,일반 제품컷 있음,https://img.danuri.io/catalog-image/904/183/019/5abe245d3c8e43ffa20976457a24d73e.jpg,장벽케어,,,피부관리,,시카 기반 진정 크림은 트러블과 면도 자극 루틴에 연결하기 쉬움.,보통
바이오힐보 프로바이오덤 리프팅 크림,,,,SR26-SK-AG-P017,검수 필요,https://www.biohealboh.com/,2026년 5월 29일 오후 2:17,,바이오힐보,3,,일반 제품컷 있음,https://img.danuri.io/catalog-image/390/693/071/4133c1da52ef4aa18288615bee21ecc5.jpg,슬로우에이징,,,피부관리,,탄력과 리프팅을 데일리 크림으로 낮추는 슬로우에이징 니즈.,보통
일리윤 세라마이드 아토 로션,,,,SR26-BD-BC-P020,검수 필요,https://www.illiyoon.com/,2026년 5월 29일 오후 2:17,,일리윤,5,,일반 제품컷 있음,https://img.danuri.io/catalog-image/859/513/005/456138fb8437405b879ba06374d05e88.jpg,바디케어,,,바디관리,,바디 장벽과 건조 관리가 겨울뿐 아니라 사계절 루틴으로 확장.,높음
스킨1004 마다가스카르 센텔라 앰플,,,,SR26-SK-BR-P011,검수 필요,https://skin1004.com/,2026년 5월 29일 오후 2:17,,스킨1004,4,,일반 제품컷 있음,https://img.danuri.io/catalog-image/215/484/009/868b54814bb84bf6ab27d0eaae33f15f.jpg,장벽케어,,,피부관리,,센텔라 기반 진정 케어가 민감 피부와 해외 K뷰티 양쪽에서 강세.,보통
리쥬란 힐러 턴오버 앰플,누끼 이미지 필요. 현재 이미지는 본품과 패키지가 함께 있는 구성컷이라 제품 단독 컷 기준에 맞지 않음. SR26-SK-AG Item Encyclopedia/Card 영역도 확인되지 않음.,,수정 필요,SR26-SK-AG-P014,승인,https://rejurancos.com/,2026년 5월 29일 오후 2:17,,리쥬란,3,,일반 제품컷 있음,https://img.danuri.io/catalog-image/572/266/019/ab4e1d09903440ab8bd2866fb510c61f.jpg,슬로우에이징,,,피부관리,,시술 후 회복과 홈케어를 연결하는 슬로우에이징 관심이 커짐.,보통
LG 프라엘 더마쎄라,,,,SR26-SK-HD-P016,검수 필요,https://www.lge.co.kr/beauty-device,2026년 5월 29일 오후 2:17,,LG전자,4,,일반 제품컷 있음,https://img.danuri.io/catalog-image/626/951/018/e003137f82d34da9872eb456433bc0a1.jpg,홈케어디바이스,,,피부관리,,가전 브랜드 신뢰도와 홈케어 디바이스 시장이 만나는 후보.,높음
달바 화이트 트러플 퍼스트 스프레이 세럼,Figma node 1:3 아래 SR26-SK-AG Item Encyclopedia/Card 영역이 없어 신규 섹션 후보로 분류. 이미지는 흰 배경 단독 제품컷으로 확인.,,신규 섹션 후보,SR26-SK-AG-P012,승인,https://dalba.co.kr/,2026년 5월 29일 오후 2:17,,달바,4,,일반 제품컷 있음,https://img.danuri.io/catalog-image/896/674/004/f57069fd811a4ef59307903025cd66b8.jpg,슬로우에이징,건조한 사무실에 오래 있는 사람; 세럼을 덧바르기 번거로운 사람; 광이 죽으면 얼굴이 피곤해 보이는 사람,"오후에 얼굴이 바짝 마르는 날, 책상 위에서 보습감을 가볍게 다시 올려준다.",피부관리,"슬로우에이징, 미스트세럼, 사무실보습",미스트형 세럼은 건조한 사무실과 이동 중 보습 콘텐츠에 적합.,보통
토리든 솔리드인 세라마이드 립 에센스,,,,SR26-SK-LP-P019,검수 필요,https://www.torriden.com/,2026년 5월 29일 오후 2:17,,토리든,4,,일반 제품컷 있음,https://img.danuri.io/catalog-image/384/693/014/d1dfa53e4eec495691a78699631131c9.jpg,립케어,,,피부관리,,입술 건조와 장벽 케어를 작고 쉬운 루틴으로 제안 가능.,보통
닥터지 레드 블레미쉬 클리어 수딩 크림,,,,SR26-SK-BR-P018,검수 필요,https://www.dr-g.co.kr/,2026년 5월 29일 오후 2:17,,닥터지,5,,일반 제품컷 있음,https://img.danuri.io/catalog-image/448/856/012/f95956c12d0c4cd4ab265bc64288d92a.jpg,장벽케어,,,피부관리,,여드름성 피부와 민감 피부 모두 접근 가능한 수딩 크림 포지션.,높음
탬버린즈 퍼퓸 밤 카모,,,,SR26-ST-FR-P028,검수 필요,https://www.tamburins.com/,2026년 5월 29일 오후 2:19,,탬버린즈,4,,일반 제품컷 있음,https://img.danuri.io/catalog-image/766/454/018/1ae0cceb07864ed6b69b10f2c1f9f0aa.jpg,향수,,,스타일관리,,휴대성과 디자인성을 갖춘 향 제품은 선물과 취향 콘텐츠로 확장 가능.,보통
다슈 클래식 볼륨 그루밍 토닉,,,,SR26-ST-HS-P026,검수 필요,https://dashu.co.kr/,2026년 5월 29일 오후 2:19,,다슈,5,,일반 제품컷 있음,https://img.danuri.io/catalog-image/487/962/092/50c5f64bff8549dc87e16456c98ee492.jpg,헤어스타일링,,,스타일관리,,남성 헤어 볼륨과 손쉬운 스타일링은 반복 콘텐츠화가 쉬움.,높음
어노브 딥 데미지 트리트먼트 EX,"SR26-ST-HR base는 있으나 헤어 트리트먼트 Item Encyclopedia 섹션이 없고, 기존 placeholder는 이미지/추천문 구조가 없는 검수용 카드라 자동 복제 배치 보류. 이미지는 흰 배경 단독 제품컷으로 확인.",,신규 섹션 후보,SR26-ST-HR-P024,승인,https://unove.co.kr/,2026년 5월 29일 오후 2:19,,어노브,4,,일반 제품컷 있음,https://img.danuri.io/catalog-image/962/691/017/804681ec07fd4e78823413a9409ef62e.jpg,헤어케어,염색이나 펌 뒤 머리끝이 갈라지는 사람; 드라이 후 부스스함이 남는 사람; 트리트먼트를 집에서 챙기는 사람,"드라이 후 끝이 빗자루처럼 퍼지는 날, 머릿결이 덜 거칠어 보이게 정리해준다.",스타일관리,"헤어케어, 손상모, 트리트먼트",염색과 펌 이후 손상모 홈케어 수요가 꾸준함.,보통
그라펜 제주 해수 포마드,,,,SR26-ST-HS-P027,검수 필요,https://grafen.co.kr/,2026년 5월 29일 오후 2:19,,그라펜,4,,일반 제품컷 있음,https://img.danuri.io/catalog-image/862/114/004/f57f9e9baea7417183a5a566377849df.jpg,헤어스타일링,,,스타일관리,,깔끔한 포멀 헤어를 위한 남성 스타일링 제품 수요가 있음.,보통
아로마티카 로즈마리 스칼프 스케일링 샴푸,,,,SR26-ST-HP-P021,검수 필요,https://aromatica.co.kr/,2026년 5월 29일 오후 2:19,,아로마티카,5,,일반 제품컷 있음,https://img.danuri.io/catalog-image/238/885/013/66c96780f5274b3d8bf13f95f7f0c088.jpg,두피케어,,,스타일관리,,헤어케어가 K뷰티 성장 축으로 확장되고 두피 스케일링 니즈가 커짐.,높음
미쟝센 퍼펙트 세럼 오리지널,,,,SR26-ST-HR-P025,검수 필요,https://www.miseenscene.com/,2026년 5월 29일 오후 2:19,,미쟝센,4,,일반 제품컷 있음,https://img.danuri.io/catalog-image/185/231/018/58d206270a7349a1a1d7465532896b93.jpeg,헤어케어,,,스타일관리,,헤어 세럼은 가격 접근성이 좋고 즉각적인 전후 비교 콘텐츠에 적합.,보통
그랑핸드 수지살몬 오 드 퍼퓸,누끼 이미지 필요. 현재 이미지는 단독 제품은 보이나 질감 있는 촬영 배경과 그림자가 있어 백과사전 카드용 흰/투명 배경 단독컷 기준에 맞지 않음. SR26-ST-FR Item Encyclopedia/Card 영역도 확인되지 않음.,,수정 필요,SR26-ST-FR-P030,승인,https://granhand.com/,2026년 5월 29일 오후 2:19,,그랑핸드,4,,일반 제품컷 있음,https://en.granhand.com/web/product/big/202510/d1500f411f5be071be1d323e0f05457a.jpg,향수,,,스타일관리,,니치 향과 공간·개인 이미지 관리가 콘텐츠 소재로 좋음.,보통
닥터포헤어 폴리젠 샴푸,,,,SR26-ST-HP-P022,검수 필요,https://drforhair.co.kr/,2026년 5월 29일 오후 2:19,,닥터포헤어,5,,일반 제품컷 있음,https://img.danuri.io/catalog-image/956/637/009/1e16f55d5b154408b19c8c65457739e7.jpg,두피케어,,,스타일관리,,탈모 완화와 두피 건강은 남성 자기관리에서 직접적인 관심사.,높음
라보에이치 두피강화 샴푸,,,,SR26-ST-HP-P023,검수 필요,https://www.laboh.co.kr/,2026년 5월 29일 오후 2:19,,라보에이치,5,,일반 제품컷 있음,https://img.danuri.io/catalog-image/466/579/016/666c3970d1d746ff959af1fbf8ca36d5.jpg,두피케어,,,스타일관리,,두피를 피부처럼 관리하는 스칼프케어 관점이 대중화됨.,높음
논픽션 젠틀나잇 핸드크림,,,,SR26-BD-BC-P029,검수 필요,https://nonfiction.com/,2026년 5월 29일 오후 2:19,,논픽션,4,,일반 제품컷 있음,https://img.danuri.io/catalog-image/540/391/016/e2d09d54fb8d4a669dc4006db6f14238.jpg,바디케어,,,바디관리,,향과 보습을 결합한 핸드케어는 선물성과 루틴성이 모두 있음.,보통
닥터브로너스 퓨어 캐스틸 솝 라벤더,,,,SR26-BD-BC-P031,검수 필요,https://www.drbronner.co.kr/,2026년 5월 29일 오후 2:22,,닥터브로너스,4,,일반 제품컷 있음,https://img.danuri.io/catalog-image/378/627/001/4df3d6339c034396bfdbbd28687895ea.jpg,바디케어,,,바디관리,,성분 단순성과 멀티유즈 바디워시 관심이 꾸준함.,보통
브라운 시리즈9 프로 플러스 전기면도기,"토큰 교체 후 REST health check 통과. 이미지 시각 확인: 패키지, 홍보 문구, 구성품, 모델 얼굴이 함께 보여 누끼/단독컷 기준 미충족. 누끼 이미지 필요. 추가로 Figma node 1:3 아래 SR26-BD-SH base code 섹션도 확인되지 않음.",,수정 필요,SR26-BD-SH-P037,승인,https://kr.braun.com/,2026년 5월 29일 오후 2:22,,브라운,5,,일반 제품컷 있음,https://img.danuri.io/catalog-image/127/892/099/4785f7565a2541c681c3011634efa4c6.jpg,체모·면도,,,바디관리,,고가 그루밍 디바이스는 협찬 제안서와 사용성 리뷰 모두 적합.,높음
유세린 우레아 리페어 플러스 로션,,,,SR26-BD-BC-P034,검수 필요,https://www.eucerin.co.kr/,2026년 5월 29일 오후 2:22,,유세린,4,,일반 제품컷 있음,https://images-1.eucerin.com/~/media/eucerin%20relaunch%20media/eucerin/international/products/urea-repair/packshot-2020-facelift/urea-repair-plus-10-urea-lotion/urearepairplusurearepairplus10urealotion032020packshotbvpng2000x2000.webp?rx=0&ry=0&rw=2000&rh=2000&hash=FD38BB94F75587FFAE05A9D98233768D,바디케어,,,바디관리,,우레아 성분 기반 각질·건조 케어는 성분 설명 콘텐츠에 적합.,보통
바이오더마 아토덤 인텐시브 밤,Figma node 1:3 아래 SR26-BD-BC Item Encyclopedia/Card 영역이 없어 신규 섹션 후보로 분류. 이미지는 흰 배경 단독 제품컷으로 확인.,,신규 섹션 후보,SR26-BD-BC-P032,승인,https://www.bioderma.co.kr/,2026년 5월 29일 오후 2:22,,바이오더마,4,,일반 제품컷 있음,https://img.danuri.io/catalog-image/494/002/006/7f030f4c2d4041ec877b5ea5897772ec.jpg,바디케어,샤워 후 가려움이 올라오는 사람; 겨울이 아니어도 바디가 건조한 사람; 향 강한 바디로션이 부담스러운 사람,"샤워 뒤 팔과 다리가 금방 당기는 날, 바르는 단계가 길어지지 않게 진정감을 보탠다.",바디관리,"바디케어, 장벽케어, 건조가려움",건조와 가려움까지 보는 바디 장벽 케어가 겨울 외 시즌에도 유효.,보통
멜킨 EVA 폼롤러,,,,SR26-BD-FT-P039,검수 필요,https://melkinsports.com/,2026년 5월 29일 오후 2:22,,멜킨스포츠,5,,일반 제품컷 있음,https://img.danuri.io/catalog-image/713/049/020/39ba9f7dbcf8421dbf0c4e0c0239e252.jpg,운동회복,,,바디관리,,홈트와 러닝 후 회복 루틴이 자기관리 콘텐츠로 확장됨.,보통
바버501 쉐이빙부스터 스무디,토큰 교체 후 REST health check 통과. 이미지 시각 확인: 제품 옆 패키지와 홍보 문구가 크게 포함되어 누끼/단독컷 기준 미충족. 누끼 이미지 필요. 추가로 Figma node 1:3 아래 SR26-BD-SH base code 섹션도 확인되지 않음.,,수정 필요,SR26-BD-SH-P035,승인,https://barber501.com/,2026년 5월 29일 오후 2:22,,바버501,5,,일반 제품컷 있음,https://img.danuri.io/catalog-image/244/852/013/06bc7fb8ea5c411aa60471bf08c733df.jpg,체모·면도,,,바디관리,,남성 면도 자극과 그루밍 루틴에 바로 연결되는 국내 브랜드.,높음
세타필 모이스춰라이징 로션,,,,SR26-BD-BC-P033,검수 필요,https://www.cetaphil.co.kr/,2026년 5월 29일 오후 2:22,,세타필,4,,일반 제품컷 있음,https://img.danuri.io/catalog-image/663/802/016/9d074c03a7154d51a50e7abdb875f2d4.jpg,바디케어,,,바디관리,,온가족 저자극 보습 브랜드로 대중성이 높고 남성 입문 장벽이 낮음.,보통
질레트 랩스 면도기,"Figma 백과사전용 node 108:15698의 Auto Layout / Item Encyclopedia Grid > Auto Layout / Item Row 3에 SR26-GR-SH-C1 / 면도기 Item Encyclopedia Card를 생성. 질레트 랩스 면도기는 Product Recommendation Area 안의 SR26-GR-SH-P036 / 프리미엄 추천 제품 - 질레트 랩스 면도기 Product Card로 반영. 같은 섹션 안에 가성비 추천 제품(P2), 입문용 추천 제품(P3) placeholder를 남겨 향후 면도기 제품 추가 가능하게 정리. 이전 하단 단독 면도기 추천 행은 남아 있지 않음. 2026-06-02 KST.",1,반영 완료,SR26-BD-SH-P036,승인,https://gillette.co.kr/,2026년 5월 29일 오후 2:22,,질레트,4,SR26-GR-SH,일반 제품컷 있음,https://img.danuri.io/catalog-image/067/355/108/27bef0d3aa9b45358b7c35973bcef7ce.jpg,체모·면도,"면도 후 턱 밑이 붉게 올라와 오전 내내 신경 쓰이는 사람
급하게 밀다가 같은 부위를 여러 번 지나가 피부가 따가운 사람
전기면도기는 덜 깎이고 일반 날면도기는 자극이 부담스러운 사람",턱선이 자주 붉어지는 날엔 날을 덜 밀어붙이는 면도기가 아침 얼굴 자극을 줄여준다.,바디관리,면도 자극 / 턱선 정리 / 출근 전 / 날면도기,면도기는 남성 자기관리의 기본템이고 비교 콘텐츠로 활용 가능.,보통
잠스트 무릎 보호대 EK-3,,,,SR26-BD-FT-P040,검수 필요,https://www.zamst.co.kr/,2026년 5월 29일 오후 2:22,,잠스트,4,,일반 제품컷 있음,https://img.danuri.io/catalog-image/502/256/003/07e026fbee3a4362a332c42c89b771b6.jpg,운동회복,,,바디관리,,러닝과 테니스 인구 증가로 관절 보호·회복템 관심이 커짐.,보통
필립스 원블레이드,토큰 교체 후 REST health check 통과. 이미지 시각 확인: 흰 배경 단독 제품컷으로 사용 가능. Figma node 1:3 아래 SR26-BD-SH base code 제품 카드 섹션이 없어 SR26-GR-SH 영역에 임의 매핑하지 않음. 필요한 섹션/제품군: SR26-BD-SH / 체모·면도.,,신규 섹션 후보,SR26-BD-SH-P038,승인,https://www.philips.co.kr/,2026년 5월 29일 오후 2:22,,필립스,5,,일반 제품컷 있음,https://img.danuri.io/catalog-image/634/988/078/710ebd5981734dc7b67e9864d0965d5c.jpg,체모·면도,,,바디관리,,수염 라인 정리와 바디 트리밍까지 연결되는 멀티 그루밍 수요.,높음
LG 퓨리케어 오브제컬렉션 공기청정기,,,,SR26-SP-HC-P048,검수 필요,https://www.lge.co.kr/air-purifier,2026년 5월 29일 오후 2:24,,LG전자,4,,일반 제품컷 있음,https://img.danuri.io/catalog-image/138/182/105/b754f99d179f4d7085601c3f77ad6356.jpg,홈케어,,,공간관리,,실내 공기와 수면·피부 컨디션을 함께 보는 홈 웰니스 흐름.,보통
오쏘몰 이뮨 멀티비타민,영양제 섹션 필요,,신규 섹션 후보,SR26-FD-SU-P045,승인,https://www.orthomol.com/,2026년 5월 29일 오후 2:24,,오쏘몰,4,,일반 제품컷 있음,https://img.danuri.io/catalog-image/474/468/009/4ac6a20d500d47cda0cf25db8e3c9b86.jpg,영양제,,,식단관리,,고관여 멀티비타민과 선물형 웰니스 제품 수요가 있음.,보통
뉴트리원 수면엔 락티움,,,,SR26-SL-RS-P041,검수 필요,https://www.nutrione.co.kr/,2026년 5월 29일 오후 2:24,,뉴트리원,5,,일반 제품컷 있음,https://img.danuri.io/catalog-image/084/755/096/eb44fc97895a4a6a9fca8da340736af6.jpg,영양제,,,수면관리,,수면 질 개선이 웰니스 자기관리 핵심 관심사로 자리잡음.,높음
정관장 홍삼정 에브리타임,,,,SR26-FD-SU-P044,검수 필요,https://www.kgcshop.co.kr/,2026년 5월 29일 오후 2:24,,정관장,4,,일반 제품컷 있음,https://img.danuri.io/catalog-image/230/954/001/8169472407bc4f24ad6ed6fda0d6e023.jpg,영양제,,,식단관리,,직장인 피로 관리와 선물 맥락이 강한 고인지도 제품.,낮음
미로 완벽세척 가습기 NR07SR,Figma 백과사전용 node 108:15698의 Auto Layout / Product Placeholder Row / 가습기 내 SR26-SP-HM-P047 제품 카드로 반영. 이전 오배치 카드 제거 완료. 2026-06-02 KST.,1,반영 완료,SR26-SP-HM-P047,승인,https://www.gomiro.com/,2026년 5월 29일 오후 2:24,,미로,5,SR26-SP-HM,일반 제품컷 있음,https://img.danuri.io/catalog-image/205/537/005/e11eece9829042779a8df6fe467fb660.jpg,가습기,"아침마다 목이 칼칼한데 가습기 청소가 귀찮아 미뤄온 사람
침실 습도가 낮아 자고 나면 얼굴과 입술이 쉽게 마르는 사람
물통 안쪽 세척이 불안해서 가습기 사용을 접었던 사람",밤새 마른 공기를 방치하지 않으면 아침 목 따가움과 푸석한 얼굴 컨디션이 덜 무너진다.,공간관리,완전 세척 / 침실 습도 / 취침 전 / 건조한 아침,세척 편의성과 위생이 가습기 선택 기준으로 강함.,높음
고려은단 비타민C 1000,,,,SR26-FD-SU-P043,검수 필요,https://www.koreaeundan.com/,2026년 5월 29일 오후 2:24,,고려은단,4,,일반 제품컷 있음,https://img.danuri.io/catalog-image/426/012/002/86fb6a9b98574da0bc152f8c1490a83f.jpg,영양제,,,식단관리,,기본 영양제 루틴의 대표 제품으로 접근성과 인지도가 높음.,보통
LG 스타일러 오브제컬렉션,,,,SR26-ST-CL-P050,검수 필요,https://www.lge.co.kr/styler,2026년 5월 29일 오후 2:24,,LG전자,4,,일반 제품컷 있음,https://img.danuri.io/catalog-image/999/618/077/10821cb4e3e24598adfb63ae81a8613a.jpg,의류관리,,,스타일관리,,의류 냄새와 관리가 외모 관리뿐 아니라 위생·공간관리까지 이어짐.,보통
삼성 비스포크 슈드레서,,,,SR26-ST-CL-P049,검수 필요,https://www.samsung.com/sec/,2026년 5월 29일 오후 2:24,,삼성전자,4,,일반 제품컷 있음,https://img.danuri.io/catalog-image/448/064/018/e1d5911f941943ef86c1211198b05db5.jpg,의류관리,,,스타일관리,,운동화와 출근화 관리가 스타일·위생관리로 연결됨.,보통
발뮤다 레인 기화식 가습기,,,,SR26-SP-HM-P046,검수 필요,https://www.balmuda.co.kr/,2026년 5월 29일 오후 2:24,,발뮤다,4,,일반 제품컷 있음,https://img.danuri.io/catalog-image/651/642/005/fa8eba44020e475695c8ed84037ff0ce.jpg,가습기,,,공간관리,,수면 환경과 공간 컨디션을 관리하는 프리미엄 가전 관심.,낮음
종근당건강 락토핏 생유산균 골드,,,,SR26-FD-SU-P042,검수 필요,https://www.ckdhc.com/,2026년 5월 29일 오후 2:24,,종근당건강,4,,일반 제품컷 있음,https://img.danuri.io/catalog-image/933/590/018/1baa9a667ed4401eab86ae4e40261f8b.jpg,영양제,,,식단관리,,장 건강과 컨디션 관리는 남성 데일리 웰니스 콘텐츠로 안정적.,보통
리얼베리어 크림 클렌징 폼,,,,SR26-SK-CL-P105,검수 필요,https://realbarrier.com,2026년 5월 30일 오후 2:20,,Real Barrier,4,,누끼/단독컷 있음,https://koreanskincare.pt/cdn/shop/files/70842-2_2dbbbf29-7210-412a-bd82-06ddff6e9cbe.jpg?v=1758453105,클렌징,,,피부관리,,훅: 장벽 크림 브랜드의 세안제 / 문제: 클렌징 단계에서 보습 루틴이 끊김 / 각도: 장벽케어와 이어지는 폼클렌저 / 근거: 리얼베리어는 장벽 케어 브랜드 맥락이 강해 세안 후 보습 루틴 연결이 쉬움 / 포지션: 밸런스 / 대상: 민감·건조 남성 / 연결: SR26-SK-CL-M1 세안/클렌징 루틴,보통
한율 어린쑥 수분진정 클렌징 폼,,,,SR26-SK-CL-P107,검수 필요,https://www.hanyul.com,2026년 5월 30일 오후 2:20,,Hanyul,3,,누끼/단독컷 있음,https://sarroo.com/cdn/shop/files/sg-11134201-7rdxr-lz0h4443ppia6e.jpg?v=1748152897&width=1946,클렌징,,,피부관리,,훅: 쑥 진정 세안으로 붉은기 낮추기 / 문제: 세안 후 얼굴이 쉽게 붉어짐 / 각도: 한국 원료 스토리의 순한 폼클렌저 / 근거: 한율 어린쑥 라인은 국내 진정 원료 스토리가 명확해 루틴 설명력이 좋음 / 포지션: 피부타입특화 / 대상: 붉은기와 민감함이 있는 남성 / 연결: SR26-SK-CL-M1 세안/클렌징 루틴,보통
조선미녀 맑은쌀 선크림 라이스+프로바이오틱스,,,,SR26-SK-SS-P101,검수 필요,https://beautyofjoseon.com,2026년 5월 30일 오후 2:20,,Beauty of Joseon,5,,누끼/단독컷 있음,https://d2c3d01lcpw2ui.cloudfront.net/gl/data/item/1635737523/sun17576678731042cc4ef667efc.jpg,선케어,,,피부관리,,훅: 백탁 싫은 남자 선크림 / 문제: 매일 바르기엔 끈적임과 들뜸이 부담 / 각도: 수분크림처럼 끝나는 데일리 SPF / 근거: 조선미녀는 K-뷰티 선케어 대표 검색·구매 브랜드로 해외와 국내 동시 인지도가 높음 / 포지션: 밸런스 / 대상: 선크림 초보 남성 / 연결: SR26-SK-SS-M1 선크림 루틴,보통
메디힐 티트리 수딩 선크림,,,,SR26-SK-SS-P109,검수 필요,https://mediheal.com,2026년 5월 30일 오후 2:20,,Mediheal,4,,누끼/단독컷 있음,https://sitem.ssgcdn.com/29/24/71/item/2097001712429_i1_1200.jpg,선케어,,,피부관리,,훅: 트러블 피부가 고르는 진정 선크림 / 문제: 유분 많은 피부는 선크림 후 번들거림이 커짐 / 각도: 티트리 진정 키워드로 여드름 루틴에 연결 / 근거: 메디힐 티트리 라인은 패드·마스크팩과 함께 국내 진정 카테고리 인지도가 높음 / 포지션: 피부타입특화 / 대상: 지성·트러블 남성 / 연결: SR26-SK-SS-M1 선크림 루틴,높음
스킨1004 마다가스카르 센텔라 히알루-시카 워터핏 선세럼,,,,SR26-SK-SS-P104,검수 필요,https://skin1004.com,2026년 5월 30일 오후 2:20,,SKIN1004,5,,누끼/단독컷 있음,https://luxiface.com/cdn/shop/files/skin1004-madagascar-centella-hyalu-cica-water-fit-sun-serum-3-size-42.png,선케어,,,피부관리,,훅: 민감피부용 세럼 선크림 / 문제: 자극 후 선크림을 바르면 따갑고 답답함 / 각도: 센텔라 진정 이미지를 앞세운 데일리 SPF / 근거: 스킨1004는 센텔라·히알루시카 라인으로 글로벌 K-뷰티 선케어 수요가 큼 / 포지션: 피부타입특화 / 대상: 민감·홍조 남성 / 연결: SR26-SK-SS-M1 선크림 루틴,보통
메이크프렘 세이프 미 릴리프 모이스처 클렌징 폼,,,,SR26-SK-CL-P104,검수 필요,https://makeprem.com,2026년 5월 30일 오후 2:20,,make p:rem,4,,누끼/단독컷 있음,https://image.oliveyoung.co.kr/cfimages/cf-goods/uploads/images/thumbnails/10/0000/0011/A00000011367039ko.jpg?l=ko,클렌징,,,피부관리,,훅: 당김 적은 약산성 폼클렌저 / 문제: 세안 후 얼굴이 뽀드득하면 장벽이 쉽게 무너짐 / 각도: 남성 세안 강도 낮추기 슬롯 / 근거: 메이크프렘 세이프미 라인은 민감·약산성 클렌징 포지션이 명확함 / 포지션: 피부타입특화 / 대상: 세안 후 당김 있는 남성 / 연결: SR26-SK-CL-M1 세안/클렌징 루틴,보통
에스네이처 아쿠아 스쿠알란 클렌징 오일,,,,SR26-SK-CL-P108,검수 필요,https://snature.co.kr,2026년 5월 30일 오후 2:20,,S.Nature,4,,일반 제품컷 있음,https://m.snature.co.kr/web/product/medium/202511/c1b980d78e3d03ef7f9feeff4c20454d.jpg,클렌징,,,피부관리,,훅: 가벼운 스쿠알란 오일 클렌징 / 문제: 클렌징오일이 무겁고 미끌거린다는 선입견 / 각도: 산뜻한 첫 세안 입문 슬롯 / 근거: 에스네이처는 수분·스쿠알란 키워드로 민감한 클렌징 수요와 맞음 / 포지션: 입문자 / 대상: 오일 클렌징이 처음인 남성 / 연결: SR26-SK-CL-M1 세안/클렌징 루틴,높음
아누아 어성초 포어 컨트롤 클렌징 오일,,,,SR26-SK-CL-P103,검수 필요,https://anuashop.com,2026년 5월 30일 오후 2:20,,Anua,5,,누끼/단독컷 있음,https://www.eyurs.com/cdn/shop/files/anua-heartleaf-pore-control-cleansing-oil-200ml.webp?v=1722254846&width=1080,클렌징,,,피부관리,,훅: 어성초로 묶는 모공 클렌징 / 문제: 코 피지와 선크림 잔여감이 동시에 남음 / 각도: 진정 키워드가 있는 클렌징오일 슬롯 / 근거: 아누아 어성초 라인은 국내외 SNS와 드럭스토어에서 반복 노출되는 진정 트렌드 / 포지션: 피부타입특화 / 대상: 지성·모공 고민 남성 / 연결: SR26-SK-CL-M1 세안/클렌징 루틴,높음
마녀공장 퓨어 클렌징 오일,,,,SR26-SK-CL-P101,검수 필요,https://manyocosmetics.com,2026년 5월 30일 오후 2:20,,ma:nyo,5,,누끼/단독컷 있음,https://img.danuri.io/catalog-image/799/264/011/d16dad9ea689420389b2b7a925bbfe2f.jpg,클렌징,,,피부관리,,훅: 선크림까지 지우는 첫 클렌징 / 문제: 남성은 자외선차단제 잔여감과 블랙헤드를 한 번에 방치함 / 각도: 오일 클렌징 입문 슬롯 / 근거: 마녀공장 클렌징오일은 국내외 K-뷰티 클렌징 대표 스테디셀러 / 포지션: 입문자 / 대상: 선크림 매일 바르는 남성 / 연결: SR26-SK-CL-M1 세안/클렌징 루틴,보통
셀퓨전씨 레이저 선스크린 100,,,,SR26-SK-SS-P105,검수 필요,https://cellfusionc.co.kr,2026년 5월 30일 오후 2:20,,Cell Fusion C,4,,누끼/단독컷 있음,https://img.danuri.io/catalog-image/071/522/012/988a769e7c8c4d898ea1edaf741bc5ea.jpg?_v=20260601080515&shrink=330%3A%2A,선케어,,,피부관리,,훅: 피부과 선크림 느낌의 기본템 / 문제: 시술 후나 예민한 날 선크림 선택이 어려움 / 각도: 피부과 채널 인지도 기반 안정형 선케어 / 근거: 셀퓨전씨 레이저 선스크린은 국내 더마 선케어의 대표 스테디셀러 / 포지션: 투자 / 대상: 피부과 관리 병행 남성 / 연결: SR26-SK-SS-M1 선크림 루틴,보통
브링그린 티트리 시카 트러블 클렌징 폼,,,,SR26-SK-CL-P106,검수 필요,https://bringgreen.co.kr,2026년 5월 30일 오후 2:20,,Bring Green,3,,누끼/단독컷 있음,https://d1flfk77wl2xk4.cloudfront.net/Assets/40/746/XXL_p0159574640.jpg,클렌징,,,피부관리,,훅: 트러블 피부용 티트리 세안 / 문제: 피지 많은 피부는 세안 후에도 번들거림이 빨리 돌아옴 / 각도: 운동 후·퇴근 후 2차 세안 슬롯 / 근거: 브링그린 티트리 시카 라인은 국내 드럭스토어 진정·트러블 카테고리 인지도가 높음 / 포지션: 가성비 / 대상: 땀과 피지가 많은 남성 / 연결: SR26-SK-CL-M1 세안/클렌징 루틴,높음
이즈앤트리 히알루론산 워터리 선젤,,,,SR26-SK-SS-P102,검수 필요,https://isntree.com,2026년 5월 30일 오후 2:20,,Isntree,5,,누끼/단독컷 있음,https://www.masksheets.com/cdn/shop/products/isntree-watery-sun-gel_compact.jpg?v=1762467882,선케어,,,피부관리,,훅: 건조한 피부용 물광 선젤 / 문제: 선크림 뒤 당김과 각질 부각 / 각도: 히알루론산 수분감으로 아침 보습 단계를 줄이는 선케어 / 근거: 수분 선젤 카테고리에서 장기 회자되는 K-뷰티 스테디셀러 / 포지션: 피부타입특화 / 대상: 건성·속건조 남성 / 연결: SR26-SK-SS-M1 선크림 루틴,보통
넘버즈인 1번 맑은 필터 선에센스,,,,SR26-SK-SS-P111,검수 필요,https://numbuzin.com,2026년 5월 30일 오후 2:20,,numbuzin,4,,일반 제품컷 있음,https://ecimg.cafe24img.com/pg1613b12558170092/numbuzin0828/web/product/big/20251029/0e3473444dcb2afc55b82b17e22f7558.jpg,선케어,,,피부관리,,훅: 투명하게 마무리되는 필터 선에센스 / 문제: 선크림 백탁이 수염·눈썹에 끼임 / 각도: 남성 얼굴 잔털에도 티 덜 나는 SPF / 근거: 넘버즈인은 번호형 제품명과 후기 기반 큐레이션에 강해 루틴 카드화가 쉬움 / 포지션: 밸런스 / 대상: 백탁 민감 남성 / 연결: SR26-SK-SS-M1 선크림 루틴,높음
닥터슈라클 히알 리유스 모이스트 선크림,,,,SR26-SK-SS-P112,검수 필요,https://drceuracle.com,2026년 5월 30일 오후 2:20,,Dr.Ceuracle,4,,누끼/단독컷 있음,https://www.skincupid.us/cdn/shop/files/Dr.Ceuracle-Moist_Sun.jpg?v=1773318454&width=150,선케어,,,피부관리,,훅: 수분 에센스처럼 바르는 선케어 / 문제: 보습제와 선크림을 겹치면 무거움 / 각도: 아침 루틴 단축형 수분 SPF / 근거: 닥터슈라클은 더마·수분 라인 중심으로 민감피부 선호도가 있음 / 포지션: 피부타입특화 / 대상: 속건조와 번들거림이 함께 있는 남성 / 연결: SR26-SK-SS-M1 선크림 루틴,보통
헤라 UV 프로텍터 톤업 선크림,,,,SR26-SK-SS-P108,검수 필요,https://www.hera.com,2026년 5월 30일 오후 2:20,,HERA,4,,누끼/단독컷 있음,https://image.oliveyoung.co.kr/cfimages/cf-goods/uploads/images/thumbnails/400/10/0000/0024/A00000024856031ko.jpg?l=ko,선케어,,,피부관리,,훅: 출근 전 안색 보정 선케어 / 문제: 파운데이션 없이 피부톤만 정리하고 싶음 / 각도: 프리미엄 톤업 선베이스 슬롯 / 근거: 헤라는 국내 베이스 메이크업 신뢰도가 높아 남성 톤업 입문에도 설득력 있음 / 포지션: 투자 / 대상: 깔끔한 비즈니스 인상 관리층 / 연결: SR26-SK-MK-M1 자연스러운 남성 메이크업 루틴,낮음
아비브 퀵 선스틱 프로텍션 바,,,,SR26-SK-SS-P103,검수 필요,https://abib.com,2026년 5월 30일 오후 2:20,,Abib,4,,누끼/단독컷 있음,https://en.abib.com/cdn/shop/files/PB_OTC_daf04cc7-4217-446a-bd27-93424a3b9cd6.jpg?v=1779862987&width=300,선케어,,,피부관리,,훅: 손에 묻히지 않는 출근길 선스틱 / 문제: 외출 중 선크림 덧바르기 귀찮음 / 각도: 가방·차량에 두는 리터치 슬롯 / 근거: 아비브는 선스틱과 진정 라인 인지도가 높아 남성 휴대 루틴에 맞음 / 포지션: 입문자 / 대상: 외근·운전 많은 남성 / 연결: SR26-SK-SS-M1 선크림 루틴,보통
AHC 내추럴 퍼펙션 프레쉬 선스틱,,,,SR26-SK-SS-P107,검수 필요,https://ahc.co.kr,2026년 5월 30일 오후 2:20,,AHC,3,,일반 제품컷 있음,https://sitem.ssgcdn.com/91/91/73/item/1000404739191_i1_1200.jpg,선케어,,,피부관리,,훅: 가족 공용으로 쓰기 쉬운 선스틱 / 문제: 덧바름 제품을 따로 고르기 번거로움 / 각도: 집·차·골프백에 두는 대중형 SPF / 근거: AHC 선스틱은 홈쇼핑·드럭스토어 기반 대중 인지도가 큼 / 포지션: 가성비 / 대상: 야외활동 많은 남성 / 연결: SR26-SK-SS-M1 선크림 루틴,보통
가히 아쿠아밤 선스틱,,,,SR26-SK-SS-P110,검수 필요,https://kahi.co.kr,2026년 5월 30일 오후 2:20,,KAHI,3,,누끼/단독컷 있음,https://static.coupangcdn.com/image/vendor_inventory/d41b/46bae8b664200e038e568233988e4cf0a66451f5b5e8b5b30823eb3e6ec6.jpg,선케어,,,피부관리,,훅: 건조한 날 덧바르는 밤 타입 SPF / 문제: 선스틱은 편하지만 오후 피부가 메마름 / 각도: 보습 밤 감각의 휴대용 선케어 / 근거: 가히는 멀티밤 포맷으로 휴대·리터치 제품 인지가 높음 / 포지션: 입문자 / 대상: 사무실 건조감을 느끼는 남성 / 연결: SR26-SK-SS-M1 선크림 루틴,보통
달바 워터풀 톤업 선크림,,,,SR26-SK-SS-P106,검수 필요,https://dalba.com,2026년 5월 30일 오후 2:20,,d'Alba,4,,누끼/단독컷 있음,https://image.oliveyoung.co.kr/cfimages/cf-goods/uploads/images/thumbnails/10/0000/0025/A00000025538605ko.png?l=ko,선케어,,,피부관리,,훅: 칙칙함을 살짝 올리는 톤업 선크림 / 문제: 생얼이 피곤해 보이지만 메이크업은 부담 / 각도: 선케어와 자연 보정 사이의 남성 베이스 슬롯 / 근거: 달바는 톤업·광채 선케어로 국내 커머스 노출이 높음 / 포지션: 밸런스 / 대상: 화사함이 필요한 직장인 남성 / 연결: SR26-SK-MK-M1 자연스러운 남성 메이크업 루틴,높음
비플레인 녹두 클렌징 오일,,,,SR26-SK-CL-P102,검수 필요,https://beplain.co.kr,2026년 5월 30일 오후 2:20,,beplain,4,,누끼/단독컷 있음,https://img.danuri.io/catalog-image/749/220/071/a5e3d872a61f487cb8bb668b23b2725d.jpg?_v=20260531052217&shrink=330%3A%2A,클렌징,,,피부관리,,훅: 순한 오일 클렌징으로 모공 관리 시작 / 문제: 피지는 쌓이는데 강한 세안은 건조함을 남김 / 각도: 저자극 오일+젤폼 조합의 첫 단계 / 근거: 비플레인은 녹두 클렌징 라인으로 클린뷰티·민감피부 수요와 맞음 / 포지션: 밸런스 / 대상: 피지와 건조를 같이 느끼는 남성 / 연결: SR26-SK-CL-M1 세안/클렌징 루틴,높음
믹순 콩 크림,,,,SR26-SK-BR-P102,검수 필요,https://mixsoon.us,2026년 5월 30일 오후 2:22,,mixsoon,4,,누끼/단독컷 있음,https://m.mixsoon.co.kr/web/product/big/202601/1b296d0b2d4b6a102ef234813c5dfff1.jpg,장벽케어,,,피부관리,,훅: 끈적임 적은 콩 크림 보습 / 문제: 보습은 필요하지만 무거운 크림은 싫음 / 각도: 산뜻한 장벽 크림 후보 / 근거: 믹순은 원료 중심 미니멀 스킨케어와 콩 라인으로 SNS 노출이 큼 / 포지션: 밸런스 / 대상: 유분 부담 있는 남성 / 연결: SR26-SK-BR-M1 장벽/보습 루틴,높음
메디큐브 제로 모공 패드,,,,SR26-SK-SA-P105,검수 필요,https://themedicube.co.kr,2026년 5월 30일 오후 2:22,,medicube,4,,누끼/단독컷 있음,https://www.kurlyglobal.com/cdn/shop/files/f52c7323-9af8-4ccf-9fdb-c1a89b5175d1.jpg?v=1752686563,슬로우에이징,,,피부관리,,훅: 코 피지와 모공을 닦아내는 패드 / 문제: 세안만으로는 모공 주변 거칠음이 남음 / 각도: 주 2~3회 피지 정리 슬롯 / 근거: 메디큐브는 모공·디바이스·패드 카테고리에서 남성 타깃 확장성이 큼 / 포지션: 밸런스 / 대상: 코 피지·모공 고민 남성 / 연결: SR26-SK-BR-M1 장벽/보습 루틴,높음
구달 청귤 비타C 잡티 세럼,,,,SR26-SK-SA-P101,검수 필요,https://www.goodal.co.kr,2026년 5월 30일 오후 2:22,,Goodal,4,,일반 제품컷 있음,https://sitem.ssgcdn.com/77/07/21/item/1000441210777_i1_1100.jpg,슬로우에이징,,,피부관리,,훅: 칙칙한 피부에 비타민C 입문 / 문제: 잡티와 피로한 안색이 한 번에 늙어 보이게 함 / 각도: 자극 낮은 브라이트닝 세럼 슬롯 / 근거: 구달 청귤 비타C 라인은 국내 드럭스토어 대표 미백·잡티 케어 라인 / 포지션: 입문자 / 대상: 칙칙한 안색 남성 / 연결: SR26-SK-BR-M1 장벽/보습 루틴,높음
아토팜 MLE 크림,,,,SR26-SK-BR-P108,검수 필요,https://www.atopalm.com,2026년 5월 30일 오후 2:22,,Atopalm,4,,누끼/단독컷 있음,https://image.oliveyoung.co.kr/cfimages/cf-goods/uploads/images/thumbnails/10/0000/0000/A00000000978717ko.jpg?l=ko,장벽케어,,,피부관리,,훅: 건조한 계절의 MLE 장벽 크림 / 문제: 겨울·환절기엔 로션만으로 버티기 어려움 / 각도: 환절기 보습 강화 슬롯 / 근거: 아토팜은 국내 민감·건조 보습 카테고리에서 가족형 신뢰가 높음 / 포지션: 밸런스 / 대상: 환절기 각질 남성 / 연결: SR26-SK-BR-M1 장벽/보습 루틴,보통
라네즈 크림스킨 세라펩타이드 리파이너,,,,SR26-SK-BR-P111,검수 필요,https://www.laneige.com,2026년 5월 30일 오후 2:22,,Laneige,4,,일반 제품컷 있음,https://stories.amorepacific.com/wp-content/uploads/contents/fed03baa-12fd-4bea-bd41-306829650e04.png,장벽케어,,,피부관리,,훅: 스킨 하나로 보습감 올리기 / 문제: 여러 단계 바르는 루틴은 오래 못 감 / 각도: 토너와 로션 사이의 단축 보습 슬롯 / 근거: 라네즈 크림스킨은 글로벌 K-뷰티 보습 토너 대표 제품군으로 인지도가 높음 / 포지션: 입문자 / 대상: 루틴을 줄이고 싶은 남성 / 연결: SR26-SK-BR-M1 장벽/보습 루틴,낮음
피지오겔 데일리 모이스처 테라피 크림,,,,SR26-SK-BR-P106,검수 필요,https://www.physiogel.co.kr,2026년 5월 30일 오후 2:22,,Physiogel,4,,누끼/단독컷 있음,https://sitem.ssgcdn.com/96/72/02/item/1000618027296_i1_1200.jpg,장벽케어,,,피부관리,,훅: 가족 공용 장벽 보습 크림 / 문제: 보습제를 고를 때 성분보다 실패 없는 기본이 필요 / 각도: 집에 하나 두는 무향 보습제 / 근거: 피지오겔은 국내 장벽 보습 카테고리에서 장기 신뢰를 가진 더마 브랜드 / 포지션: 밸런스 / 대상: 건성·민감 남성 / 연결: SR26-SK-BR-M1 장벽/보습 루틴,낮음
큐렐 인텐시브 모이스처 크림,,,,SR26-SK-BR-P107,검수 필요,https://www.kao.com/kr/curel/,2026년 5월 30일 오후 2:22,,Curel,4,,누끼/단독컷 있음,https://cdn.shopify.com/s/files/1/0639/9292/2365/files/Frame20323.jpg?v=1696603190,장벽케어,,,피부관리,,훅: 세라마이드 케어의 조용한 기본템 / 문제: 민감 피부는 향과 활성 성분이 부담 / 각도: 자극 적은 보습 크림 슬롯 / 근거: 큐렐은 세라마이드 기능성 보습 이미지가 강하고 한국 내 구매 접근성이 있음 / 포지션: 피부타입특화 / 대상: 초민감·건조 남성 / 연결: SR26-SK-BR-M1 장벽/보습 루틴,낮음
티르티르 밀크 스킨 토너,,,,SR26-SK-SA-P106,검수 필요,https://tirtir.co.kr,2026년 5월 30일 오후 2:22,,TIRTIR,3,,누끼/단독컷 있음,https://sitem.ssgcdn.com/55/66/47/item/1000558476655_i1_1200.jpg,슬로우에이징,,,피부관리,,훅: 피부결을 부드럽게 보이는 밀크 토너 / 문제: 건조와 칙칙함이 같이 오면 피부가 거칠어 보임 / 각도: 보습 토너와 광채 베이스 사이 슬롯 / 근거: 티르티르는 쿠션과 스킨케어 모두 SNS 노출이 높아 확장 큐레이션에 적합 / 포지션: 입문자 / 대상: 피부결 정리가 필요한 남성 / 연결: SR26-SK-BR-M1 장벽/보습 루틴,높음
퓨리토 서울 원더 릴리프 센텔라 크림,,,,SR26-SK-BR-P101,검수 필요,https://purito.com,2026년 5월 30일 오후 2:22,,Purito Seoul,5,,누끼/단독컷 있음,https://dn5hzapyfrpio.cloudfront.net/product/23b/23b440c0-d9f3-11ee-a82c-31a3f50cdab4.jpeg,장벽케어,,,피부관리,,훅: 붉어진 피부를 잠재우는 시카 크림 / 문제: 면도·마스크 후 피부가 쉽게 예민해짐 / 각도: 장벽 회복 루틴의 진정 크림 슬롯 / 근거: 퓨리토는 센텔라·저자극 K-뷰티로 민감피부 소비자에게 인지도가 높음 / 포지션: 피부타입특화 / 대상: 면도 후 붉어지는 남성 / 연결: SR26-SK-BR-M1 장벽/보습 루틴,높음
CNP 프로폴리스 에너지 앰플,,,,SR26-SK-SA-P103,검수 필요,https://www.cnpmall.com,2026년 5월 30일 오후 2:22,,CNP Laboratory,4,,일반 제품컷 있음,https://sitem.ssgcdn.com/24/06/96/item/1000528960624_i1_1200.jpg,슬로우에이징,,,피부관리,,훅: 푸석한 얼굴에 광채 앰플 / 문제: 보습만 해도 얼굴이 생기 없어 보임 / 각도: 피곤한 인상 개선용 광채 세럼 슬롯 / 근거: CNP 프로폴리스 앰플은 국내 앰플 카테고리 장기 스테디셀러 / 포지션: 밸런스 / 대상: 야근·피로 인상 남성 / 연결: SR26-SK-BR-M1 장벽/보습 루틴,보통
썸바이미 AHA BHA PHA 30일 미라클 토너,,,,SR26-SK-SA-P102,검수 필요,https://somebymi.com,2026년 5월 30일 오후 2:22,,Some By Mi,3,,일반 제품컷 있음,https://somebymi.com/web/product/big/202104/b8e9a1dd516c165eb1de6d10c81ed0c8.jpg,슬로우에이징,,,피부관리,,훅: 각질·피지 루틴을 한 병으로 시작 / 문제: 모공과 트러블이 반복되는데 스크럽은 자극적 / 각도: 산 성분 토너 입문 슬롯 / 근거: 썸바이미 미라클 라인은 트러블 토너 키워드로 글로벌 K-뷰티 인지도가 큼 / 포지션: 입문자 / 대상: 피지·각질 남성 / 연결: SR26-SK-BR-M1 장벽/보습 루틴,높음
벤튼 스네일비 하이콘텐트 스팀 크림,,,,SR26-SK-BR-P103,검수 필요,https://bentoncosmetic.com,2026년 5월 30일 오후 2:22,,Benton,3,,누끼/단독컷 있음,https://static.thcdn.com/images/large/original//productimg/1600/1600/11401206-2935274048949395.jpg,장벽케어,,,피부관리,,훅: 흔적과 건조를 같이 보는 달팽이 크림 / 문제: 트러블 이후 피부결과 보습이 동시에 무너짐 / 각도: 회복기 크림 슬롯 / 근거: 벤튼 달팽이·비 라인은 K-뷰티 초기부터 장기 회자된 진정·보습 라인 / 포지션: 가성비 / 대상: 트러블 흔적이 남는 남성 / 연결: SR26-SK-BR-M1 장벽/보습 루틴,보통
코스알엑스 어드밴스드 스네일 92 올인원 크림,,,,SR26-SK-BR-P104,검수 필요,https://www.cosrx.com,2026년 5월 30일 오후 2:22,,COSRX,4,,누끼/단독컷 있음,https://k-gallery.com/cdn/shop/files/COSRX_Advanced_Snail_92_All_In_One_Cream_100g.jpg,장벽케어,,,피부관리,,훅: 수분막을 남기는 달팽이 크림 / 문제: 속건조는 있는데 유분 크림은 답답함 / 각도: 젤 크림형 보습막 슬롯 / 근거: 코스알엑스 스네일 라인은 글로벌 K-뷰티 스테디셀러로 구매 접근성이 높음 / 포지션: 밸런스 / 대상: 속건조 지성 남성 / 연결: SR26-SK-BR-M1 장벽/보습 루틴,보통
라운드어라운드 그린티 시카 크림,,,,SR26-SK-BR-P105,검수 필요,https://roundaround.co.kr,2026년 5월 30일 오후 2:22,,Round A'Round,3,,일반 제품컷 있음,https://sitem.ssgcdn.com/85/70/32/item/1000569327085_i1_1200.jpg,장벽케어,,,피부관리,,훅: 녹차·시카로 가볍게 진정 / 문제: 운동 후 열감과 붉은기가 오래 감 / 각도: 운동 후 진정 보습 슬롯 / 근거: 라운드어라운드는 올리브영 기반 녹차·시카 라인 인지도가 있어 남성 입문성이 좋음 / 포지션: 가성비 / 대상: 운동 후 열감 있는 남성 / 연결: SR26-SK-BR-M1 장벽/보습 루틴,높음
아이오페 레티놀 엑스퍼트,,,,SR26-SK-SA-P104,검수 필요,https://www.iope.com,2026년 5월 30일 오후 2:22,,IOPE,5,,일반 제품컷 있음,https://sitem.ssgcdn.com/69/78/49/item/2097001497869_i1_1200.jpg,슬로우에이징,,,피부관리,,훅: 30대 남성의 첫 레티놀 / 문제: 모공·잔주름 관리는 늦게 시작할수록 티가 남 / 각도: 밤 루틴에 넣는 슬로우에이징 핵심 슬롯 / 근거: 아이오페는 국내 레티놀 연구와 기능성 안티에이징 인지도가 강함 / 포지션: 투자 / 대상: 30대 이상 남성 / 연결: SR26-SK-BR-M1 장벽/보습 루틴,낮음
디어클레어스 프레쉴리 주스드 비타민 드롭,,,,SR26-SK-SA-P107,검수 필요,https://www.klairscosmetics.com,2026년 5월 30일 오후 2:22,,Dear Klairs,4,,일반 제품컷 있음,https://image.msscdn.net/images/goods_img/20240412/4049628/4049628_17320708093029_500.jpg,슬로우에이징,,,피부관리,,훅: 민감피부도 시작하는 비타민 세럼 / 문제: 비타민C는 따갑고 어려워 보여 미루게 됨 / 각도: 낮은 장벽 부담의 브라이트닝 입문 슬롯 / 근거: 클레어스 비타민드롭은 글로벌 K-뷰티 비타민C 입문 제품으로 알려짐 / 포지션: 입문자 / 대상: 민감하지만 칙칙함이 고민인 남성 / 연결: SR26-SK-BR-M1 장벽/보습 루틴,보통
프리메라 오가니언스 베리어 리페어 크림,,,,SR26-SK-BR-P110,검수 필요,https://www.primera.com,2026년 5월 30일 오후 2:22,,Primera,3,,누끼/단독컷 있음,https://images-kr.amoremall.com/products/1780014374898/110640000716/110640000716_00.png?1780014375867,장벽케어,,,피부관리,,훅: 식물성 장벽 크림으로 루틴 정리 / 문제: 보습제는 많은데 데일리로 오래 쓸 제품이 필요 / 각도: 자연주의 장벽 케어 슬롯 / 근거: 프리메라는 국내 자연주의 스킨케어 인지도와 장벽 라인 확장성이 있음 / 포지션: 밸런스 / 대상: 순한 데일리 크림 선호 남성 / 연결: SR26-SK-BR-M1 장벽/보습 루틴,보통
바이위시트렌드 만델릭애씨드 5% 스킨 프렙 워터,,,,SR26-SK-SA-P108,검수 필요,https://bywishtrend.com,2026년 5월 30일 오후 2:22,,By Wishtrend,4,,누끼/단독컷 있음,https://cdn.modarak.com/products/by-wishtrend-mandelic-acid-5-skin-prep-water-120ml.png,슬로우에이징,,,피부관리,,훅: 거친 피부결을 천천히 정리 / 문제: 스크럽은 자극적이고 각질은 계속 쌓임 / 각도: 저강도 산 토너 슬롯 / 근거: 위시트렌드 만델릭 토너는 각질 케어 입문 제품으로 해외 K-뷰티 커뮤니티 회자도가 있음 / 포지션: 피부타입특화 / 대상: 민감한 각질 고민 남성 / 연결: SR26-SK-BR-M1 장벽/보습 루틴,보통
제로이드 인텐시브 크림,,,,SR26-SK-BR-P109,검수 필요,https://www.zeroid.co.kr,2026년 5월 30일 오후 2:22,,ZEROID,5,,누끼/단독컷 있음,https://dn5hzapyfrpio.cloudfront.net/product/af8/af8672c0-d49e-11ef-b7a5-27ddae6ebd72.jpeg,장벽케어,,,피부관리,,훅: 피부과 보습제 느낌의 장벽 크림 / 문제: 예민해진 피부엔 화려한 스킨케어보다 회복이 우선 / 각도: 시술·면도 후 장벽 리셋 슬롯 / 근거: 제로이드는 병의원 유통 인지도가 강한 더마 보습 브랜드 / 포지션: 투자 / 대상: 장벽 손상 경험이 있는 남성 / 연결: SR26-SK-BR-M1 장벽/보습 루틴,보통
빌리프 더 트루 크림 아쿠아 밤,,,,SR26-SK-BR-P112,검수 필요,https://www.belifcosmetic.com,2026년 5월 30일 오후 2:22,,belif,4,,누끼/단독컷 있음,https://cdn.011st.com/11dims/resize/600x600/quality/75/11src/cat/25/7/6/9/9/4/9/QeEcc/411769949_1.jpg,장벽케어,,,피부관리,,훅: 번들거림 적은 수분 폭탄 크림 / 문제: 남성 피부는 보습제를 바르면 금방 답답해짐 / 각도: 산뜻한 젤 크림 보습 슬롯 / 근거: 빌리프 아쿠아밤은 수분 크림 카테고리에서 장기 스테디셀러로 알려짐 / 포지션: 밸런스 / 대상: 수분 부족 지성 남성 / 연결: SR26-SK-BR-M1 장벽/보습 루틴,보통
K18 리브-인 몰레큘러 리페어 헤어 마스크 50ml,,,,SR26-GR-HC-P001,검수 필요,https://www.k18hair.com/products/leave-in-molecular-repair-hair-mask-50-ml,2026년 5월 30일 오후 2:25,,K18,4,,일반 제품컷 있음,https://www.k18hair.com/cdn/shop/files/K18_LeaveInMask_50ml.jpg?v=1687869421&width=3600,헤어케어,,,스타일관리,,"훅: ‘머릿결’은 꾸밈이 아니라 인상 정돈이다 / 문제: 푸석·부스스함이 피곤해 보이는 인상을 강화 / 각도: 샴푸 후 4분 루틴으로 머리결/광택을 통제 / 근거: 살롱급 홈케어 니즈가 커지고, 남성도 헤어 퀄리티로 ‘정돈감’이 드러나 협찬/콘텐츠화 여지가 큼",보통
Perspirex Original 롤온 데오드란트(안티퍼스퍼런트),,,,SR26-BD-BC-P035,검수 필요,https://www.perspirex.co.uk/our-products/perspirex-original,2026년 5월 30일 오후 2:25,,Perspirex,4,,누끼/단독컷 있음,https://www.perspirex.de/wp-content/uploads/sites/57/2021/11/perspirex-original_-600x387.jpg,바디케어,,,위생관리,,훅: 땀/체취를 ‘관리’가 아니라 ‘통제’하는 루틴 / 문제: 여름·운동·긴장 상황에서 체취/땀으로 인상 하락 / 각도: 남자의 첫인상은 향보다 먼저 ‘체취 관리’에서 결정 / 근거: 강력 안티퍼스퍼런트는 루틴형 반복 사용에 적합하고 출근·데이트·운동 컨디션 관리 콘텐츠로 확장 가능,보통
닥터지 포어 블러 업 선 50mL,,,,SR26-SK-SS-P113,검수 필요,https://www.dr-g.co.kr/item/9630,2026년 5월 30일 오후 2:25,,닥터지,4,,일반 제품컷 있음,https://image.oliveyoung.co.kr/cfimages/cf-goods/uploads/images/thumbnails/10/0000/0020/A00000020063618ko.jpg,선케어,,,피부관리,,"훅: 선크림은 피부보호가 아니라 ‘피곤해 보이는 얼굴’ 정리 / 문제: 번들거림·모공·붉은기·톤 불균형으로 컨디션이 내려가 보임 / 각도: 아침 1분 베이스 루틴으로 얼굴 컨디션을 ‘정돈’ / 근거: 남성 선케어가 일상 루틴으로 자리잡았고, 블러/톤정리 계열은 메이크업 티 없이 인상 관리로 번역 가능",높음
Therabody Theragun mini 2.0 (마사지건),,,,SR26-BD-FT-P041,검수 필요,https://therabody.jp/products/theragun-mini-2,2026년 5월 30일 오후 2:25,,Therabody,5,,누끼/단독컷 있음,https://therabody.jp/cdn/shop/files/mini2black_main.png?v=1721896310&width=900,운동회복,,,바디관리,,"훅: 운동이 아니라 ‘회복’이 몸을 바꾼다 / 문제: 뭉침·피로 누적으로 자세/표정/컨디션이 무너짐 / 각도: 매일 5분 회복 루틴으로 다음날 컨디션을 설계 / 근거: 리커버리 디바이스는 반복 사용·루틴보드화가 쉽고, 운동/자세/수면 콘텐츠 시리즈와 협찬 확장성이 강함",높음
FOREO LUNA 4 MEN 클렌징 & 펌밍 디바이스,,,,SR26-SK-DV-P001,검수 필요,https://www.foreo.com/luna-men-collection,2026년 5월 30일 오후 2:25,,FOREO,4,,누끼/단독컷 있음,https://assets.foreo.com/files/static/2025-12/ecomm_LUNA-4-men_1.webp,홈케어디바이스,,,피부관리,,"훅: 세안이 바뀌면 ‘피부 컨디션’이 아니라 ‘인상’이 바뀐다 / 문제: 유분·각질·면도 트러블로 피부가 거칠고 피곤해 보임 / 각도: 샤워 루틴에 넣는 2분 세안+면도 준비로 피부 결을 정돈 / 근거: 남성 홈케어/디바이스 진입이 늘고, 세안-면도-선케어 루틴으로 묶기 쉬워 콘텐츠/협찬 확장성이 높음",높음
NONFICTION 가이악플라워 오 드 퍼퓸,,,,SR26-GR-FR-P001,검수 필요,https://int.nonfiction.com/products/gaiac-flower-parfum,2026년 5월 30일 오후 2:25,,NONFICTION,5,,일반 제품컷 있음,https://beyond-designations-htv4x3kiygcq6573ucg.vusercontent.net/placeholderImages/cd34df55-e105-479a-81b8-363613a457b0.webp?width=500,향수,,,스타일관리,,"훅: 향은 취향이 아니라 ‘첫인상 통제’다 / 문제: 무향·체취·섬유향 뒤섞임으로 인상 일관성이 무너짐 / 각도: 남자 향 루틴(출근/데이트/모임)으로 캐릭터를 고정 / 근거: 국내 니치 향수 수요가 커졌고, 룩·헤어·바디케어와 묶어 루틴 콘텐츠/협찬 패키지로 확장 가능",높음
Crep Protect Cure (스니커즈 클리너 키트),,,,SR26-ST-WC-P001,검수 필요,https://crepprotect.com/products/cure,2026년 5월 30일 오후 2:25,,Crep Protect,4,,일반 제품컷 있음,https://uk.crepprotect.com/cdn/shop/files/Untitleddesign_40.jpg?v=1725426007&width=1500,의류관리,,,스타일관리,,"훅: 신발이 더러우면 ‘자기관리’가 설득력을 잃는다 / 문제: 스니커즈 오염·냄새가 전체 룩의 정돈감을 무너뜨림 / 각도: 주 1회 10분 ‘신발 리셋’로 깔끔한 사람을 유지 / 근거: 남성 스타일 루틴에서 신발/가방 관리 니즈가 높고, 전후 비교 콘텐츠가 강해 루틴보드/협찬 확장에 유리",보통
닥터포헤어 폴리젠 씨솔트 스케일러,,,,SR26-GR-SC-P001,검수 필요,https://drforhair.com/ko/products/folligen-sea-salt-scaler,2026년 5월 30일 오후 2:25,,닥터포헤어,5,,누끼/단독컷 있음,https://cdn.shopify.com/s/files/1/0322/8258/4525/files/1_92d1f0d2-acde-432c-acde-43cbe51c6b8e.png?v=1732160087,두피케어,,,스타일관리,,훅: ‘머리 감아도 찝찝한 두피’를 정리하는 주 1회 리셋 / 문제: 유분·각질·냄새로 청결감/헤어 볼륨이 무너짐 / 각도: 남자 인상은 피부보다 ‘두피·정수리 컨디션’이 먼저 무너진다 / 근거: 두피 스케일링은 루틴화(주간) 가능하고 헤어/탈모 관심사와 맞물려 콘텐츠·협찬 확장성이 큼,높음
라도르 더마티컬 탈모 샴푸,,,,SR26-GR-SC-P107,검수 필요,https://lador.co.kr,2026년 5월 30일 오후 2:26,,La'dor,4,,누끼/단독컷 있음,https://images.prom.ua/4099468617_w700_h500_shampun-protiv-vypadeniya.jpg,두피케어,,,스타일관리,,훅: 살롱 브랜드 감성의 두피 샴푸 / 문제: 기능성 샴푸는 투박하다는 인식이 있음 / 각도: 기능성과 헤어케어 이미지를 같이 잡는 슬롯 / 근거: 라도르는 헤어케어 전문 K-뷰티 브랜드로 국내외 유통이 넓음 / 포지션: 밸런스 / 대상: 두피와 모발 컨디션을 같이 보는 남성 / 연결: SR26-GR-SC-M1 두피 컨디션 루틴,높음
라보에이치 두피강화 샴푸,,,,SR26-GR-SC-P104,검수 필요,https://www.labo-h.com,2026년 5월 30일 오후 2:26,,LABO-H,5,,누끼/단독컷 있음,https://image.oliveyoung.co.kr/cfimages/cf-goods/uploads/images/thumbnails/10/0000/0015/A00000015247509ko.jpg?l=ko,두피케어,,,스타일관리,,훅: 올리브영 탈모샴푸 대표 후보 / 문제: 샴푸 선택을 탈모 기능성 기준으로 보고 싶음 / 각도: 두피 강화 샴푸 핵심 슬롯 / 근거: 라보에이치는 국내 탈모 기능성 샴푸 카테고리에서 강한 인지도를 확보 / 포지션: 밸런스 / 대상: 두피·탈모를 같이 걱정하는 남성 / 연결: SR26-GR-SC-M1 두피 컨디션 루틴,보통
TS 프리미엄 TS 샴푸,,,,SR26-GR-SC-P105,검수 필요,https://www.talmo.com,2026년 5월 30일 오후 2:26,,TS Shampoo,3,,일반 제품컷 있음,http://img.ticketmall.co.kr/bbbb/ptss.jpg,두피케어,,,스타일관리,,훅: 탈모샴푸 하면 떠오르는 대중 브랜드 / 문제: 기능성 샴푸를 어디서 시작할지 모름 / 각도: 인지도 높은 탈모샴푸 비교 슬롯 / 근거: TS샴푸는 국내 탈모샴푸 광고·유통 인지도가 높은 제품군 / 포지션: 입문자 / 대상: 기능성 샴푸 초보 남성 / 연결: SR26-GR-SC-M1 두피 컨디션 루틴,보통
이니스프리 레티놀 시카 리페어 앰플,,,,SR26-SK-SA-P109,검수 필요,https://www.innisfree.com,2026년 5월 30일 오후 2:26,,Innisfree,4,,일반 제품컷 있음,https://inm-cdn.innisfree.com/origin-image/product/product/00/00/10/21/78/f68a2a20-e1aa-4f9c-8a5f-1e7181fd34a4.jpg,슬로우에이징,,,피부관리,,훅: 레티놀 입문을 시카로 완충 / 문제: 레티놀은 효과보다 자극 걱정이 먼저 옴 / 각도: 트러블 흔적과 피부결을 동시에 보는 밤 앰플 / 근거: 이니스프리 레티놀 시카는 국내 레티놀 입문 제품으로 넓게 회자됨 / 포지션: 입문자 / 대상: 레티놀을 처음 쓰는 남성 / 연결: SR26-SK-BR-M1 장벽/보습 루틴,보통
랩시리즈 레이저 번 릴리프 울트라 애프터쉐이브,,,,SR26-BD-SH-P106,검수 필요,https://www.labseries.com,2026년 5월 30일 오후 2:26,,Lab Series,4,,누끼/단독컷 있음,https://davidjones.scene7.com/is/image/davidjones/20271820_1?$plp2x$,체모·면도,,,바디관리,,훅: 면도 후 화끈거림 전용 케어 / 문제: 애프터케어를 대충 하면 턱선 트러블이 반복됨 / 각도: 프리미엄 애프터쉐이브 트리트먼트 슬롯 / 근거: 랩시리즈는 남성 스킨케어 전문 포지션이 강해 면도 루틴 설득력이 좋음 / 포지션: 투자 / 대상: 턱선 트러블 남성 / 연결: SR26-BD-SH-M1 면도/애프터케어 루틴,낮음
니베아 맨 센서티브 쉐이빙 폼,,,,SR26-BD-SH-P104,검수 필요,https://www.nivea.co.kr,2026년 5월 30일 오후 2:26,,NIVEA Men,3,,일반 제품컷 있음,https://images-us.nivea.com/-/media/miscellaneous/media-center-items/0/d/e/280228-web_1010x1180_transparent_png.png?mw=777&hash=DB0AB539616BA7A38783C98B91FA5CC1,체모·면도,,,바디관리,,훅: 면도 자극을 줄이는 폼 기본템 / 문제: 비누 거품 면도는 마찰이 커짐 / 각도: 면도 전 쿠션을 만드는 저가 슬롯 / 근거: 니베아맨은 국내 남성 그루밍 대중 브랜드로 접근성이 높음 / 포지션: 가성비 / 대상: 면도폼을 따로 안 쓰는 남성 / 연결: SR26-BD-SH-M1 면도/애프터케어 루틴,보통
질레트 스킨가드 센서티브 면도기,,,,SR26-BD-SH-P103,검수 필요,https://gillette.com,2026년 5월 30일 오후 2:26,,Gillette,4,,누끼/단독컷 있음,https://images.ctfassets.net/4imhecai914h/1CjMpfWN04mjSJk3zzspTf/c42ed4061f2855af94d674cf3ffaa748/Gillette_20SkinGuard_20Sensitive_20Razor-sp_402x.png,체모·면도,,,바디관리,,훅: 민감 피부용 면도날 선택 / 문제: 밀착 면도 후 붉은 점과 따가움이 반복됨 / 각도: 피부 보호 바가 있는 저자극 면도 슬롯 / 근거: 질레트 스킨가드는 민감성 면도 포지션이 명확하고 한국 구매 접근성이 있음 / 포지션: 피부타입특화 / 대상: 면도 트러블이 잦은 남성 / 연결: SR26-BD-SH-M1 면도/애프터케어 루틴,낮음
쉬크 하이드로 5 센스 면도기,,,,SR26-BD-SH-P102,검수 필요,https://www.schick.com,2026년 5월 30일 오후 2:26,,Schick,4,,누끼/단독컷 있음,https://f.nooncdn.com/p/v1604602520/N41888780A_1.jpg,체모·면도,,,바디관리,,훅: 피부 부담을 줄이는 5중날 면도기 / 문제: 절삭력만 강하면 면도 후 따가움이 남음 / 각도: 보호 젤바 기반 민감 면도 슬롯 / 근거: 쉬크 하이드로 라인은 국내 대형 유통에서 쉽게 구매 가능한 글로벌 면도기 라인 / 포지션: 밸런스 / 대상: 면도 자극이 잦은 남성 / 연결: SR26-BD-SH-M1 면도/애프터케어 루틴,낮음
쿤달 카페인 두피케어 샴푸,,,,SR26-GR-SC-P103,검수 필요,https://kundal.co.kr,2026년 5월 30일 오후 2:26,,Kundal,3,,누끼/단독컷 있음,https://media.ulta.com/i/ulta/77006395,두피케어,,,스타일관리,,훅: 카페인 샴푸로 두피 활력 관리 / 문제: 두피가 축 처지고 머리카락이 힘없어 보임 / 각도: 가성비 두피 샴푸 슬롯 / 근거: 쿤달은 향·샴푸 대중 인지도와 온라인 협찬 적합성이 큼 / 포지션: 가성비 / 대상: 힘없는 모발 남성 / 연결: SR26-GR-SC-M1 두피 컨디션 루틴,높음
니베아 맨 센서티브 애프터쉐이브 밤,,,,SR26-BD-SH-P105,검수 필요,https://www.nivea.com,2026년 5월 30일 오후 2:26,,NIVEA Men,4,,일반 제품컷 있음,https://sitem.ssgcdn.com/71/72/89/item/1000541897271_i1_1200.jpg,체모·면도,,,바디관리,,훅: 면도 후 따가움 진정 밤 / 문제: 면도 직후 스킨만 바르면 건조와 화끈거림이 남음 / 각도: 애프터쉐이브 보습 입문 슬롯 / 근거: 니베아 센서티브 밤은 글로벌 남성 애프터쉐이브 대표 제품으로 구매 접근성이 좋음 / 포지션: 입문자 / 대상: 면도 후 건조한 남성 / 연결: SR26-BD-SH-M1 면도/애프터케어 루틴,보통
그라펜 루트 부스터 샴푸,,,,SR26-GR-SC-P106,검수 필요,https://grafen.co.kr,2026년 5월 30일 오후 2:26,,Grafen,4,,누끼/단독컷 있음,https://dn5hzapyfrpio.cloudfront.net/home/glowmee/upload/20180607/1528352860755.png,두피케어,,,스타일관리,,훅: 정수리 볼륨을 생각한 두피 샴푸 / 문제: 머리가 가라앉으면 얼굴형까지 피곤해 보임 / 각도: 두피 케어와 볼륨 인상 개선 연결 / 근거: 그라펜은 남성 헤어·두피 제품군을 꾸준히 운영해 콘텐츠 핏이 좋음 / 포지션: 밸런스 / 대상: 정수리 볼륨 고민 남성 / 연결: SR26-GR-SC-M1 두피 컨디션 루틴,높음
려 탈모증상전문케어 샴푸,,,,SR26-GR-SC-P101,검수 필요,https://www.ryo.com,2026년 5월 30일 오후 2:26,,Ryo,4,,누끼/단독컷 있음,https://images-kr.amoremall.com/products/111410000435/111410000435_01.png?1687935316023,두피케어,,,스타일관리,,훅: 탈모 고민 시작 단계의 샴푸 / 문제: 머리 빠짐이 보이면 샴푸부터 바꾸고 싶어짐 / 각도: 두피 컨디션 루틴 입문 슬롯 / 근거: 려는 국내 한방·탈모 샴푸 대중 인지도가 높음 / 포지션: 입문자 / 대상: 탈모 초기 고민 남성 / 연결: SR26-GR-SC-M1 두피 컨디션 루틴,보통
설화수 윤조에센스,,,,SR26-SK-SA-P110,검수 필요,https://www.sulwhasoo.com,2026년 5월 30일 오후 2:26,,Sulwhasoo,3,,일반 제품컷 있음,https://www.sulwhasoo.com/web/product/big/20260407/254626c475b2a3461674ef02fdbd6d2f.jpg,슬로우에이징,,,피부관리,,훅: 고급 스킨케어를 하나만 고른다면 / 문제: 안티에이징 루틴은 복잡하고 부담스러움 / 각도: 첫 단계 투자형 세럼 슬롯 / 근거: 설화수 윤조에센스는 국내 프리미엄 스킨케어 상징성이 높아 선물·투자 포지션이 명확함 / 포지션: 투자 / 대상: 프리미엄 루틴을 찾는 30대 이상 남성 / 연결: SR26-SK-BR-M1 장벽/보습 루틴,낮음
파나소닉 람대쉬 전기면도기 ES-LV 시리즈,,,,SR26-BD-SH-P110,검수 필요,https://www.panasonic.com/kr,2026년 5월 30일 오후 2:26,,Panasonic,4,,일반 제품컷 있음,https://sitem.ssgcdn.com/36/68/67/item/0000009676836_i1_1200.jpg,체모·면도,,,바디관리,,훅: 바쁜 아침 전기면도기 투자템 / 문제: 습식면도는 시간이 오래 걸리고 상처 위험이 있음 / 각도: 출근 전 빠른 면도 디바이스 슬롯 / 근거: 파나소닉 람대쉬는 전기면도기 프리미엄 라인으로 한국 내 구매·AS 접근성이 있음 / 포지션: 투자 / 대상: 아침 시간이 짧은 남성 / 연결: SR26-BD-SH-M1 면도/애프터케어 루틴,낮음
해리스 트루먼 면도기,,,,SR26-BD-SH-P108,검수 필요,https://www.harrys.com,2026년 5월 30일 오후 2:26,,Harry's,3,,일반 제품컷 있음,https://sitem.ssgcdn.com/47/23/31/item/1000631312347_i1_1200.jpg,체모·면도,,,바디관리,,훅: 디자인 좋은 면도기 입문 / 문제: 욕실에 두는 그루밍 도구도 깔끔해야 손이 감 / 각도: 선물·입문형 면도기 슬롯 / 근거: 해리스는 DTC 면도기 브랜드로 디자인과 구독형 면도 문화 레퍼런스가 강함 / 포지션: 입문자 / 대상: 그루밍 도구를 정리하려는 남성 / 연결: SR26-BD-SH-M1 면도/애프터케어 루틴,낮음
도루코 페이스 7 II 면도기,,,,SR26-BD-SH-P101,검수 필요,https://www.dorcoglobal.com,2026년 5월 30일 오후 2:26,,DORCO,4,,일반 제품컷 있음,https://sitem.ssgcdn.com/67/65/41/item/1000567416567_i1_1100.jpg,체모·면도,,,바디관리,,훅: 국산 면도기 가성비 선택지 / 문제: 면도날 교체 비용이 부담됨 / 각도: 데일리 수염 관리 기본 슬롯 / 근거: 도루코는 국내 면도기 접근성과 가격 경쟁력이 높음 / 포지션: 가성비 / 대상: 매일 면도하는 남성 / 연결: SR26-BD-SH-M1 면도/애프터케어 루틴,보통
닥터포헤어 폴리젠 씨솔트 스케일러,,,,SR26-GR-SC-P108,검수 필요,https://drforhair.co.kr,2026년 5월 30일 오후 2:26,,Dr.FORHAIR,4,,누끼/단독컷 있음,https://sitem.ssgcdn.com/74/22/14/item/1000601142274_i1_1200.jpg,두피케어,,,스타일관리,,훅: 샴푸 전 두피 각질 스케일링 / 문제: 샴푸만으로는 정수리 냄새와 각질이 남음 / 각도: 주 1회 두피 리셋 슬롯 / 근거: 닥터포헤어는 국내 두피 케어 대표 브랜드라 스케일러까지 확장 설명이 쉬움 / 포지션: 피부타입특화 / 대상: 두피 각질·냄새 남성 / 연결: SR26-GR-SC-M1 두피 컨디션 루틴,보통
불독 오리지널 쉐이브 젤,,,,SR26-BD-SH-P107,검수 필요,https://www.bulldogskincare.com,2026년 5월 30일 오후 2:26,,Bulldog Skincare,3,,누끼/단독컷 있음,https://cdn11.bigcommerce.com/s-g585yu857h/images/stencil/1280w/products/14414/25023/163981__90420.1765375333.jpg,체모·면도,,,바디관리,,훅: 폼보다 투명한 젤 면도 / 문제: 수염 라인을 보며 정리하기 어려움 / 각도: 수염 라인 정돈용 쉐이브젤 슬롯 / 근거: 불독은 남성 자연주의 그루밍 이미지와 한국 구매 접근성이 있음 / 포지션: 입문자 / 대상: 콧수염·턱수염 라인 정리 남성 / 연결: SR26-BD-SH-M1 면도/애프터케어 루틴,보통
프로라소 쉐이빙 크림 그린티&오트밀,,,,SR26-BD-SH-P109,검수 필요,https://proraso.com,2026년 5월 30일 오후 2:26,,Proraso,3,,일반 제품컷 있음,https://maggardrazors.com/cdn/shop/products/Proraso-White-Green-Tea-and-Oat-Shaving-Cream-in-Tube_700x700.jpg?v=1616407215,체모·면도,,,바디관리,,훅: 클래식 습식면도의 부드러운 크림 / 문제: 전기면도기만으로는 깔끔함이 부족한 날이 있음 / 각도: 주말 정밀 면도 슬롯 / 근거: 프로라소는 클래식 면도 크림의 대표 브랜드로 면도 루틴 콘텐츠화가 쉬움 / 포지션: 투자 / 대상: 습식면도에 관심 있는 남성 / 연결: SR26-BD-SH-M1 면도/애프터케어 루틴,낮음
아로마티카 로즈마리 스칼프 스케일링 샴푸,,,,SR26-GR-SC-P102,검수 필요,https://aromatica.co.kr,2026년 5월 30일 오후 2:26,,Aromatica,5,,누끼/단독컷 있음,https://img.danuri.io/catalog-image/908/414/072/53dacec35430421c8a82463cf95e5875.jpg?_v=20260529153812&shrink=330%3A%2A,두피케어,,,스타일관리,,훅: 기름진 두피를 리셋하는 로즈마리 샴푸 / 문제: 오후만 되면 정수리 냄새와 유분이 올라옴 / 각도: 두피 스케일링 샴푸 슬롯 / 근거: 아로마티카 로즈마리 라인은 클린뷰티와 두피 케어 키워드로 국내외 인지도가 높음 / 포지션: 밸런스 / 대상: 지성 두피 남성 / 연결: SR26-GR-SC-M1 두피 컨디션 루틴,높음
갸스비 무빙러버 스파이키 엣지,,,,SR26-GR-HR-P101,검수 필요,https://www.gatsbyglobal.com,2026년 5월 30일 오후 2:27,,Gatsby,4,,누끼/단독컷 있음,https://img.danawa.com/prod_img/500000/101/317/img/4317101_1.jpg?_v=20251209061502&shrink=330%3A%2A,헤어스타일링,,,스타일관리,,훅: 짧은 머리용 왁스 입문 / 문제: 왁스를 발라도 금방 가라앉고 떡져 보임 / 각도: 짧은 남자 머리 텍스처 슬롯 / 근거: 갸스비 무빙러버는 남성 왁스 카테고리 대표 제품으로 접근성이 높음 / 포지션: 입문자 / 대상: 짧은 직모 남성 / 연결: SR26-GR-HR-M1 헤어 스타일링 루틴,낮음
올드스파이스 하이 인듀어런스 데오드란트,,,,SR26-BD-BC-P103,검수 필요,https://oldspice.com,2026년 5월 30일 오후 2:27,,Old Spice,4,,일반 제품컷 있음,https://images.ctfassets.net/zyq7p9v19a3t/6EbDQAfhKQe8MB9ILXWv9z/05fb0f0e6fba9bf2f6f4770ac3c74a36/old-spice-high-endurance-pure-sport-deodorant.png,바디케어,,,바디관리,,훅: 땀냄새를 직접 관리하는 데오드란트 / 문제: 향수만으로 체취를 덮으면 더 답답해짐 / 각도: 겨드랑이 체취 관리 슬롯 / 근거: 올드스파이스는 남성 데오드란트 대표 글로벌 브랜드로 체취 루틴 설명이 명확함 / 포지션: 입문자 / 대상: 땀냄새가 고민인 남성 / 연결: SR26-BD-BC-M1 바디냄새/청결 루틴,낮음
해피바스 오리지널 컬렉션 바디워시,,,,SR26-BD-BC-P101,검수 필요,https://www.happybath.com,2026년 5월 30일 오후 2:27,,Happy Bath,3,,누끼/단독컷 있음,https://www.masksheets.com/cdn/shop/products/happy-bath-original-collection-original-body-wash_66c1cc63-7b1e-468f-b90a-2c66f9f362f4.jpg?v=1762469338,바디케어,,,바디관리,,훅: 샤워 루틴의 가장 쉬운 교체 / 문제: 비누만 쓰면 등·팔 피부가 건조해짐 / 각도: 바디워시 입문 기본 슬롯 / 근거: 해피바스는 국내 바디워시 대중 브랜드로 구매 접근성이 높음 / 포지션: 가성비 / 대상: 바디워시를 따로 안 고르는 남성 / 연결: SR26-BD-BC-M1 바디냄새/청결 루틴,보통
데싱디바 글레이즈 세미큐어 젤네일 클리어,,,,SR26-SK-HC-P103,검수 필요,https://dashingdiva.co.kr,2026년 5월 30일 오후 2:27,,DASHING DIVA,2,,일반 제품컷 있음,https://dashingdiva1.cafe24.com/mupe/main/glaze-best-0304.jpg,홈케어,,,위생관리,,훅: 손톱 표면을 깔끔하게 보이는 투명 젤 / 문제: 손톱이 갈라지거나 칙칙하면 손 전체 인상이 거칠어짐 / 각도: 남성용 투명 네일 케어 실험 슬롯 / 근거: 데싱디바는 셀프 네일 시장 인지도가 높고 투명·클리어 제품은 남성 손 관리 콘텐츠에 연결 가능 / 포지션: 입문자 / 대상: 촬영·미팅 전 손톱을 정리하려는 남성 / 연결: SR26-GR-CN-M1 손톱 컨디션 관리,높음
어퍼컷 디럭스 포마드,,,,SR26-GR-HR-P106,검수 필요,https://uppercutdeluxe.com,2026년 5월 30일 오후 2:27,,Uppercut Deluxe,3,,누끼/단독컷 있음,https://www.baressoshop.se/58575-large_default/uppercut-deluxe-pomade-30g.jpg,헤어스타일링,,,스타일관리,,훅: 클래식 포마드 스타일링 / 문제: 가르마와 슬릭백은 일반 왁스로 형태가 부족함 / 각도: 포마드 헤어 입문 슬롯 / 근거: 어퍼컷 디럭스는 바버샵 감성 포마드 대표 브랜드로 남성 스타일링 보드에 적합 / 포지션: 투자 / 대상: 포마드·슬릭백 남성 / 연결: SR26-GR-HR-M1 헤어 스타일링 루틴,낮음
다슈 클래식 익스트림 레드 왁스,,,,SR26-GR-HR-P102,검수 필요,https://dashu.co.kr,2026년 5월 30일 오후 2:27,,DASHU,5,,일반 제품컷 있음,https://cdn.shopify.com/s/files/1/0263/8849/6458/files/1_cc9f5151-fabe-4461-bdbc-632389603ab1.jpg?v=1694461200,헤어스타일링,,,스타일관리,,훅: 남성 전용 왁스의 국내 대표 후보 / 문제: 스타일링 제품은 향과 세정력까지 봐야 함 / 각도: 국내 남성 왁스 비교 슬롯 / 근거: 다슈는 남성 헤어·그루밍 브랜드 포지션이 명확하고 협찬 적합성이 높음 / 포지션: 밸런스 / 대상: 데일리 스타일링 남성 / 연결: SR26-GR-HR-M1 헤어 스타일링 루틴,높음
데오낫 미네랄 데오드란트 스틱,,,,SR26-BD-BC-P104,검수 필요,https://www.deonat.com,2026년 5월 30일 오후 2:27,,Deonat,3,,누끼/단독컷 있음,https://f.nooncdn.com/p/v1531896471/N15767804A_1.jpg,바디케어,,,바디관리,,훅: 향으로 덮지 않는 미네랄 데오드란트 / 문제: 강한 향 데오드란트가 부담스러움 / 각도: 무향 체취 관리 슬롯 / 근거: 데오낫은 미네랄 스톤 데오드란트로 국내 온라인 구매와 리뷰가 꾸준함 / 포지션: 피부타입특화 / 대상: 향 민감 남성 / 연결: SR26-BD-BC-M1 바디냄새/청결 루틴,보통
미쟝센 퍼펙트 세럼 오리지널,,,,SR26-GR-HC-P101,검수 필요,https://www.miseenscene.com,2026년 5월 30일 오후 2:27,,Mise en scene,4,,누끼/단독컷 있음,https://image.oliveyoung.co.kr/cfimages/cf-goods/uploads/images/thumbnails/10/0000/0016/A00000016538310ko.jpg?l=ko,헤어케어,,,스타일관리,,훅: 부스스한 머리를 눌러주는 국민 헤어세럼 / 문제: 드라이 후 머리끝이 푸석하면 전체 인상이 지저분해짐 / 각도: 샴푸 후 마무리 헤어케어 슬롯 / 근거: 미쟝센 퍼펙트세럼은 국내 헤어오일·세럼 카테고리 장기 스테디셀러 / 포지션: 가성비 / 대상: 푸석한 모발 남성 / 연결: SR26-GR-SC-M1 두피 컨디션 루틴,보통
모레모 워터 트리트먼트 미라클 10,,,,SR26-GR-HC-P102,검수 필요,https://moremo.co.kr,2026년 5월 30일 오후 2:27,,moremo,4,,누끼/단독컷 있음,https://cdn.aritaum.com/UPLOAD/UPLOAD_IMAGE/C020/201910/IMG1570RPK779289025.jpg,헤어케어,,,스타일관리,,훅: 10초 트리트먼트로 머릿결 응급처치 / 문제: 트리트먼트는 오래 방치해야 해서 귀찮음 / 각도: 샤워 중 빠른 헤어케어 슬롯 / 근거: 모레모 워터트리트먼트는 빠른 사용감으로 국내외 리뷰형 콘텐츠에 적합 / 포지션: 입문자 / 대상: 염색·펌 후 거친 모발 남성 / 연결: SR26-GR-SC-M1 두피 컨디션 루틴,높음
한즈드푸코 클레이메이션 헤어왁스,,,,SR26-GR-HR-P103,검수 필요,https://www.hanzdefuko.com,2026년 5월 30일 오후 2:27,,Hanz de Fuko,4,,누끼/단독컷 있음,https://f.nooncdn.com/p/v1568287054/N29301768A_1.jpg,헤어스타일링,,,스타일관리,,훅: 매트한 질감의 프리미엄 클레이 / 문제: 번들거리는 왁스는 머리가 기름져 보임 / 각도: 자연스러운 무광 텍스처 슬롯 / 근거: 한즈 드 푸코 클레이메이션은 남성 프리미엄 스타일링 제품으로 해외 그루밍 커뮤니티 인지도가 높음 / 포지션: 투자 / 대상: 무광 포마드·클레이 선호 남성 / 연결: SR26-GR-HR-M1 헤어 스타일링 루틴,낮음
즈윌링 클래식 이녹스 손톱깎이,,,,SR26-SK-HC-P102,검수 필요,https://www.zwilling.com/kr,2026년 5월 30일 오후 2:27,,ZWILLING,3,,일반 제품컷 있음,https://sitem.ssgcdn.com/42/75/43/item/1000201437542_i1_1200.jpg,홈케어,,,위생관리,,훅: 오래 쓰는 손톱깎이 투자템 / 문제: 손톱 관리 도구는 싼 제품을 오래 쓰면 절삭감이 떨어짐 / 각도: 욕실 그루밍 툴 업그레이드 슬롯 / 근거: 즈윌링은 스테인리스 그루밍 툴 브랜드 신뢰도가 높아 선물·투자 포지션이 가능 / 포지션: 투자 / 대상: 손 관리 도구를 정리하려는 남성 / 연결: SR26-GR-CN-M1 손톱 컨디션 관리,낮음
아모스프로페셔널 컬링 에센스 2X,,,,SR26-GR-HC-P104,검수 필요,https://www.amosprofessional.com,2026년 5월 30일 오후 2:27,,AMOS PROFESSIONAL,4,,누끼/단독컷 있음,https://amosprofessional.com/web/product/big/202601/724a9c137729bbace9e76a5d2ba03f39.jpg,헤어케어,,,스타일관리,,훅: 펌 컬을 살리는 에센스 / 문제: 남성 펌은 하루만 지나도 컬이 퍼지고 건조해짐 / 각도: 아침 컬 복원 헤어케어 슬롯 / 근거: 아모스 컬링에센스는 미용실·살롱 기반 펌 관리 제품으로 인지도가 높음 / 포지션: 밸런스 / 대상: 가르마펌·쉐도우펌 남성 / 연결: SR26-GR-HR-M1 헤어 스타일링 루틴,보통
도브 맨+케어 클린 컴포트 바디워시,,,,SR26-BD-BC-P102,검수 필요,https://www.dove.com/kr,2026년 5월 30일 오후 2:27,,Dove Men+Care,3,,일반 제품컷 있음,https://assets.unileversolutions.com/v1/78030763.png,바디케어,,,바디관리,,훅: 남성용 보습 바디워시 / 문제: 샤워 후 몸이 당기고 향은 너무 강하면 부담 / 각도: 보습과 청결 균형의 바디워시 슬롯 / 근거: 도브 맨케어는 글로벌 남성 바디케어 라인으로 한국 구매 접근성이 있음 / 포지션: 밸런스 / 대상: 건조한 바디 피부 남성 / 연결: SR26-BD-BC-M1 바디냄새/청결 루틴,낮음
탬버린즈 퍼퓸 핸드크림 FEY9,,,,SR26-BD-BC-P105,검수 필요,https://www.tamburins.com,2026년 5월 30일 오후 2:27,,TAMBURINS,4,,일반 제품컷 있음,https://web-resource.tamburins.com/catalog/product/1701940039/aa9ec1a7-8f7f-46a9-8c6c-fc06f954ca2b/thumbnail_shell_hand_0006_DUO_PUMKINI_FEY9.jpg,바디케어,,,바디관리,,훅: 손 보습과 향을 같이 챙기는 핸드크림 / 문제: 악수·노트북 작업 때 손 건조와 잔향이 인상을 만듦 / 각도: 핸드케어 겸 향 관리 슬롯 / 근거: 탬버린즈는 향 기반 핸드크림 카테고리에서 국내 트렌드성이 강함 / 포지션: 투자 / 대상: 손 건조와 향을 같이 챙기는 남성 / 연결: SR26-GR-CN-M1 손톱 컨디션 관리,낮음
러쉬 더티 바디 스프레이,,,,SR26-GR-FR-P101,검수 필요,https://www.lush.com/kr,2026년 5월 30일 오후 2:27,,LUSH,4,,누끼/단독컷 있음,https://sitem.ssgcdn.com/70/41/85/item/1000025854170_i1_1200.jpg,향수,,,바디관리,,훅: 샤워 후 티 나는 청량한 향 / 문제: 향수는 부담스럽지만 체취 관리는 필요 / 각도: 바디스프레이로 시작하는 향 관리 슬롯 / 근거: 러쉬 더티는 남성도 쓰기 쉬운 민트·허브 계열 바디스프레이로 인지도가 높음 / 포지션: 입문자 / 대상: 향수 초보 남성 / 연결: SR26-BD-BC-M1 바디냄새/청결 루틴,낮음
어노브 딥 데미지 트리트먼트 EX,,,,SR26-GR-HC-P103,검수 필요,https://unove.co.kr,2026년 5월 30일 오후 2:27,,UNOVE,5,,일반 제품컷 있음,https://ecimg.cafe24img.com/pg286b92423923067/unove1/web/product/big/20230511/e5832639049c5ee5c2b7b052ab410708.jpg,헤어케어,,,스타일관리,,훅: 향 좋은 고손상 트리트먼트 / 문제: 펌·염색 후 머리가 뻣뻣하면 스타일링이 안 먹음 / 각도: 주 2회 손상모 회복 슬롯 / 근거: 어노브는 국내 헤어케어 트렌드에서 향과 손상 케어로 강하게 노출됨 / 포지션: 밸런스 / 대상: 펌·염색 남성 / 연결: SR26-GR-SC-M1 두피 컨디션 루틴,높음
카이 네일 클리퍼 타입 001,,,,SR26-SK-HC-P101,검수 필요,https://www.kai-group.com,2026년 5월 30일 오후 2:27,,KAI,4,,일반 제품컷 있음,https://sitem.ssgcdn.com/38/11/47/item/1000525471138_i1_1200.jpg,홈케어,,,위생관리,,훅: 손톱 정리의 첫 도구 / 문제: 무딘 손톱깎이는 손톱 끝을 거칠게 만듦 / 각도: 손톱 컨디션 관리 기본 툴 슬롯 / 근거: 카이는 일본 그루밍·커팅 툴 브랜드로 손톱 관리 도구 신뢰도가 있음 / 포지션: 밸런스 / 대상: 손톱 끝 정리가 필요한 남성 / 연결: SR26-GR-CN-M1 손톱 컨디션 관리,낮음
로레알 프로페셔널 테크니아트 픽스 디자인 스프레이,,,,SR26-GR-HR-P105,검수 필요,https://www.lorealprofessionnel.com,2026년 5월 30일 오후 2:27,,L'Oreal Professionnel,3,,누끼/단독컷 있음,https://godomall.speedycdn.net/d1b65e59b7b4bf1f40c0462338738f17/goods/5018/image/magnify/5018_magnify_058.jpg,헤어스타일링,,,스타일관리,,훅: 무너지는 앞머리를 고정하는 스프레이 / 문제: 왁스만 쓰면 습도와 땀에 스타일이 쉽게 풀림 / 각도: 마무리 고정 스프레이 슬롯 / 근거: 로레알 프로페셔널은 살롱 기반 스타일링 제품군 신뢰도가 높음 / 포지션: 밸런스 / 대상: 앞머리 고정이 필요한 남성 / 연결: SR26-GR-HR-M1 헤어 스타일링 루틴,낮음
슈바츠코프 오지스 더스트잇 매트 파우더,,,,SR26-GR-HR-P104,검수 필요,https://www.schwarzkopf-professional.com,2026년 5월 30일 오후 2:27,,Schwarzkopf Professional,4,,일반 제품컷 있음,https://sitem.ssgcdn.com/24/48/94/item/1000068944824_i1_1200.jpg,헤어스타일링,,,스타일관리,,훅: 정수리 볼륨을 살리는 파우더 / 문제: 왁스 없이 볼륨만 살리고 싶은 날이 있음 / 각도: 납작한 머리 응급 볼륨 슬롯 / 근거: 오시스 더스트잇은 미용실·스타일링 파우더 대표 제품으로 사용법 콘텐츠화가 쉬움 / 포지션: 투자 / 대상: 정수리 볼륨 부족 남성 / 연결: SR26-GR-HR-M1 헤어 스타일링 루틴,낮음
카밀 핸드&네일 크림 클래식,,,,SR26-BD-BC-P106,검수 필요,https://www.kamill.co.kr,2026년 5월 30일 오후 2:27,,Kamill,3,,누끼/단독컷 있음,https://sitem.ssgcdn.com/79/70/15/qlty/1000476157079_q1.jpg,바디케어,,,바디관리,,훅: 손톱 주변 건조를 막는 기본 핸드크림 / 문제: 큐티클이 갈라지면 손 전체가 지저분해 보임 / 각도: 손톱 컨디션 관리용 데일리 보습 슬롯 / 근거: 카밀은 핸드·네일 크림 대중 인지도가 높아 손 관리 입문에 적합 / 포지션: 가성비 / 대상: 큐티클이 건조한 남성 / 연결: SR26-GR-CN-M1 손톱 컨디션 관리,보통
더샘 커버 퍼펙션 팁 컨실러,,,,SR26-SK-MK-P104,검수 필요,https://www.thesaemcosmetic.com,2026년 5월 30일 오후 2:29,,The Saem,5,,일반 제품컷 있음,https://healivemall.com/web/thesaem_detail/cover_perfection/Allproof_Tip_Concealer_Renewal.jpg,메이크업,,,스타일관리,,훅: 여드름 자국만 가리는 컨실러 / 문제: 전체 화장은 싫지만 붉은 자국은 신경 쓰임 / 각도: 부분 커버 입문 슬롯 / 근거: 더샘 컨실러는 국내 가성비 컨실러 대표 제품으로 남성 입문 장벽이 낮음 / 포지션: 가성비 / 대상: 트러블 자국이 있는 남성 / 연결: SR26-SK-MK-M1 자연스러운 남성 메이크업 루틴,보통
뉴트로지나 노르웨이젼 포뮬러 핸드크림,,,,SR26-BD-BC-P107,검수 필요,https://www.neutrogena.com,2026년 5월 30일 오후 2:29,,Neutrogena,4,,누끼/단독컷 있음,https://images.ctfassets.net/bcjr30vxh6td/5auvdUHESVONfreV4NzGf/a7c7bdf103a19d4d1c6300163e03f08c/6801300_nocolor_0?fm=webp&w=3840,바디케어,,,바디관리,,훅: 갈라진 손을 빠르게 막는 고보습 핸드크림 / 문제: 손등과 손끝이 거칠면 깔끔한 인상이 무너짐 / 각도: 겨울 손 보습 응급 슬롯 / 근거: 뉴트로지나 노르웨이젼 포뮬라는 고보습 핸드크림 대표 제품으로 한국 구매 접근성이 있음 / 포지션: 밸런스 / 대상: 손이 쉽게 트는 남성 / 연결: SR26-GR-CN-M1 손톱 컨디션 관리,낮음
미샤 M 퍼펙트 커버 비비크림,,,,SR26-SK-MK-P108,검수 필요,https://www.missha.com,2026년 5월 30일 오후 2:29,,MISSHA,3,,누끼/단독컷 있음,https://media.ulta.com/i/ulta/77009050,메이크업,,,스타일관리,,훅: BB크림 하나로 톤과 잡티 정리 / 문제: 쿠션은 도구가 필요하고 크림형이 더 익숙함 / 각도: 남성 베이스 입문 BB 슬롯 / 근거: 미샤 퍼펙트커버 BB는 국내외 BB크림 대표 스테디셀러로 구매 접근성이 높음 / 포지션: 가성비 / 대상: 크림형 베이스를 선호하는 남성 / 연결: SR26-SK-MK-M1 자연스러운 남성 메이크업 루틴,보통
닥터숄 프레시 스텝 오더-X 풋 스프레이,,,,SR26-BD-BC-P108,검수 필요,https://www.drscholls.com,2026년 5월 30일 오후 2:29,,Dr. Scholl's,4,,누끼/단독컷 있음,https://www.drscholls.com/cdn/shop/files/W_888853000589_Aid_OdorX_UltraOdorFightingPowderSpray_ATF_MAIN.webp?crop=center&height=1200&v=1759850567&width=1200,바디케어,,,바디관리,,훅: 신발 벗는 자리 전 발냄새 관리 / 문제: 발 체취는 샤워만으로 하루 종일 막기 어려움 / 각도: 풋 데오드란트 슬롯 / 근거: 닥터숄은 풋케어 전문 브랜드로 발냄새·발관리 루틴 연결이 명확함 / 포지션: 피부타입특화 / 대상: 발 땀과 냄새가 고민인 남성 / 연결: SR26-BD-BC-M1 바디냄새/청결 루틴,낮음
종근당 락토핏 골드 유산균,,,,SR26-FD-SU-P103,검수 필요,https://www.lactofit.co.kr,2026년 5월 30일 오후 2:29,,CKD Lactofit,4,,일반 제품컷 있음,https://cdn.shopify.com/s/files/1/1071/7482/products/2498983318_front_d753742ae7.jpg?v=1595019696&width=1000,영양제,,,식단관리,,훅: 매일 먹기 쉬운 유산균 스틱 / 문제: 장 컨디션이 무너지면 피부와 컨디션까지 흔들림 / 각도: 아침 루틴에 넣는 장관리 슬롯 / 근거: 락토핏은 국내 유산균 대중 인지도와 구매 접근성이 매우 높음 / 포지션: 가성비 / 대상: 장 컨디션을 챙기는 남성 / 연결: SR26-FD-SU-M1 영양/운동보조 루틴,보통
LG 스타일러 오브제컬렉션 의류관리기,,,,SR26-ST-WC-P101,검수 필요,https://www.lge.co.kr,2026년 5월 30일 오후 2:29,,LG Electronics,4,,일반 제품컷 있음,https://www.lge.co.kr/kr/images/lg-styler/md10351833/gallery/large-interior01.jpg,의류관리,,,공간관리,,훅: 셔츠와 재킷 냄새를 집에서 관리 / 문제: 매번 드라이클리닝하기엔 비용과 시간이 부담 / 각도: 의류 냄새·주름 관리 디바이스 슬롯 / 근거: LG 스타일러는 국내 의류관리기 대표 제품군으로 출근복 관리 루틴과 연결이 강함 / 포지션: 투자 / 대상: 셔츠·수트 착용 남성 / 연결: SR26-ST-WC-M1 의류/소지품 관리,낮음
만타 수면 안대,,,,SR26-SL-RS-P101,검수 필요,https://mantasleep.com,2026년 5월 30일 오후 2:29,,Manta Sleep,4,,일반 제품컷 있음,https://cdn.shopify.com/s/files/1/1582/3265/products/1.5-Mask-Buy-Box-1_800x@2x.png?v=1627037566,홈케어,,,수면관리,,훅: 빛을 막아 수면 환경을 정리 / 문제: 침실 조명과 새벽빛 때문에 깊게 못 잠 / 각도: 수면 루틴 첫 환경템 슬롯 / 근거: 만타 슬립마스크는 차광·착용감으로 수면 제품군에서 글로벌 인지도가 있음 / 포지션: 밸런스 / 대상: 수면 질을 챙기는 남성 / 연결: SR26-SL-RS-M1 수면/회복 루틴,낮음
메이크업포에버 미스트 앤 픽스 세팅 스프레이,,,,SR26-SK-MK-P107,검수 필요,https://www.makeupforever.com,2026년 5월 30일 오후 2:29,,MAKE UP FOR EVER,3,,누끼/단독컷 있음,https://sitem.ssgcdn.com/43/15/89/item/1000575891543_i1_1200.jpg,메이크업,,,스타일관리,,훅: 베이스가 무너지지 않게 고정 / 문제: 땀과 마스크에 쿠션·컨실러가 묻어남 / 각도: 메이크업 픽서 마무리 슬롯 / 근거: 메이크업포에버는 프로페셔널 픽서 제품군 신뢰도가 높음 / 포지션: 투자 / 대상: 촬영·행사 전 남성 / 연결: SR26-SK-MK-M1 자연스러운 남성 메이크업 루틴,낮음
하이퍼아이스 노마텍 고 회복 부츠,,,,SR26-BD-FT-P102,검수 필요,https://hyperice.com,2026년 5월 30일 오후 2:29,,Hyperice,3,,누끼/단독컷 있음,https://hyperice.com/cdn/shop/files/normatec-go-pdp-1.png?v=1769104232&width=1300,운동회복,,,바디관리,,훅: 종아리 회복을 착용형으로 관리 / 문제: 오래 걷거나 뛰면 다리 피로가 밤까지 남음 / 각도: 러너용 회복 디바이스 슬롯 / 근거: 하이퍼아이스 노마텍은 스포츠 회복 디바이스 카테고리에서 프리미엄 인지도가 높음 / 포지션: 투자 / 대상: 러닝·장시간 보행 남성 / 연결: SR26-SL-RS-M1 수면/회복 루틴,낮음
GNC 메가맨 멀티비타민,,,,SR26-FD-SU-P104,검수 필요,https://www.gnc.com,2026년 5월 30일 오후 2:29,,GNC,3,,누끼/단독컷 있음,https://cdn.011st.com/11dims/resize/600x600/quality/75/11src/cat/22/1/0/5/1/2/2/leqDl/139105122_1.jpg,영양제,,,식단관리,,훅: 운동하는 남성용 멀티비타민 / 문제: 운동과 식단을 시작하면 보조 영양제 선택이 필요 / 각도: 헬스 입문자 멀티비타민 슬롯 / 근거: GNC는 스포츠·영양제 유통 브랜드로 남성 운동보조 루틴과 연결이 쉬움 / 포지션: 입문자 / 대상: 헬스장 입문 남성 / 연결: SR26-FD-SU-M1 영양/운동보조 루틴,낮음
웨이크메이크 워터 벨벳 커버 쿠션,,,,SR26-SK-MK-P109,검수 필요,https://www.wakemake.com,2026년 5월 30일 오후 2:29,,WAKEMAKE,4,,누끼/단독컷 있음,https://image.oliveyoung.co.kr/cfimages/cf-goods/uploads/images/thumbnails/10/0000/0018/A00000018461518ko.jpg?l=ko,메이크업,,,스타일관리,,훅: 드럭스토어에서 고르는 커버 쿠션 / 문제: 피부톤과 트러블 자국을 빠르게 정리할 제품이 필요 / 각도: 올리브영 접근성 높은 쿠션 슬롯 / 근거: 웨이크메이크는 국내 색조·베이스 트렌드 대응이 빠른 브랜드 / 포지션: 밸런스 / 대상: 첫 쿠션을 고르는 남성 / 연결: SR26-SK-MK-M1 자연스러운 남성 메이크업 루틴,높음
오쏘몰 이뮨 멀티비타민,,,,SR26-FD-SU-P101,검수 필요,https://www.orthomol.com,2026년 5월 30일 오후 2:29,,Orthomol,3,,일반 제품컷 있음,https://img.danuri.io/catalog-image/474/468/009/4ac6a20d500d47cda0cf25db8e3c9b86.jpg,영양제,,,식단관리,,훅: 피로한 날 챙기는 프리미엄 멀티팩 / 문제: 영양제를 여러 병으로 나눠 먹기 번거로움 / 각도: 한 번에 챙기는 컨디션 보조 슬롯 / 근거: 오쏘몰 이뮨은 국내 프리미엄 영양제 트렌드에서 선물·컨디션 제품으로 회자됨 / 포지션: 투자 / 대상: 바쁜 직장인 남성 / 연결: SR26-FD-SU-M1 영양/운동보조 루틴,낮음
바닐라코 프라임 프라이머 피니쉬 파우더,,,,SR26-SK-MK-P106,검수 필요,https://banilaco.com,2026년 5월 30일 오후 2:29,,Banila Co,4,,일반 제품컷 있음,https://sitem.ssgcdn.com/01/34/72/item/2097001723401_i1_1200.jpg,메이크업,,,스타일관리,,훅: 번들거림만 잡는 투명 파우더 / 문제: 남성 베이스는 유분이 올라오면 바로 티가 남 / 각도: 쿠션 후 마무리 파우더 슬롯 / 근거: 바닐라코는 프라이머·베이스 카테고리 인지도가 높아 피지 컨트롤 설명이 쉬움 / 포지션: 밸런스 / 대상: 오후 유분이 많은 남성 / 연결: SR26-SK-MK-M1 자연스러운 남성 메이크업 루틴,보통
센트룸 맨 멀티비타민,,,,SR26-FD-SU-P102,검수 필요,https://www.centrum.com,2026년 5월 30일 오후 2:29,,Centrum,3,,누끼/단독컷 있음,https://sitem.ssgcdn.com/12/28/52/item/1000040522812_i1_1200.jpg,영양제,,,식단관리,,훅: 남성 멀티비타민 기본 선택지 / 문제: 영양제를 처음 고르면 성분표가 복잡함 / 각도: 입문형 멀티비타민 슬롯 / 근거: 센트룸은 글로벌 멀티비타민 대표 브랜드로 한국 구매 접근성이 높음 / 포지션: 입문자 / 대상: 영양제 초보 남성 / 연결: SR26-FD-SU-M1 영양/운동보조 루틴,낮음
루나 롱래스팅 팁 컨실러,,,,SR26-SK-MK-P105,검수 필요,https://www.lunacos.com,2026년 5월 30일 오후 2:29,,LUNA,4,,누끼/단독컷 있음,https://image.oliveyoung.co.kr/cfimages/cf-goods/uploads/images/thumbnails/10/0000/0014/A00000014971325ko.jpg?l=ko,메이크업,,,스타일관리,,훅: 다크서클과 잡티를 오래 가리는 팁 컨실러 / 문제: 오후가 되면 부분 커버가 사라짐 / 각도: 지속력 있는 국소 커버 슬롯 / 근거: 루나 팁컨실러는 국내 컨실러 카테고리에서 꾸준한 리뷰와 접근성이 있음 / 포지션: 밸런스 / 대상: 다크서클·잡티 남성 / 연결: SR26-SK-MK-M1 자연스러운 남성 메이크업 루틴,보통
테라바디 테라건 미니 마사지건,,,,SR26-BD-FT-P101,검수 필요,https://www.therabody.com,2026년 5월 30일 오후 2:29,,Therabody,5,,일반 제품컷 있음,https://sitem.ssgcdn.com/56/38/50/item/1000533503856_i1_1200.jpg,운동회복,,,바디관리,,훅: 운동 후 뭉친 근육을 푸는 미니 마사지건 / 문제: 폼롤러만으로는 등·어깨 포인트를 잡기 어려움 / 각도: 회복 디바이스 투자 슬롯 / 근거: 테라건은 퍼커션 마사지건 대표 브랜드로 운동회복 루틴 인지도가 높음 / 포지션: 투자 / 대상: 웨이트·러닝 후 뭉침이 있는 남성 / 연결: SR26-SL-RS-M1 수면/회복 루틴,낮음
라로슈포제 리피카 레 바디밀크 400ml,,,,SR26-BD-BC-P109,검수 필요,https://www.larocheposay.co.kr/product/view/4698,2026년 6월 1일 오전 10:12,,La Roche-Posay,4,,누끼/단독컷 있음,https://image.oliveyoung.co.kr/cfimages/cf-goods/uploads/images/thumbnails/10/0000/0014/A00000014793202ko.jpg?,바디케어,,,바디관리,,훅: 얼굴만 관리하면 ‘전체 인상’은 안 바뀐다(피부결/각질/팔·목) / 문제: 팔·목·손의 건조/거칠음이 청결감·정돈감을 깎음 / 각도: 샤워 후 30초 바디로션 루틴(보이는 부위부터) / 근거: 바디 장벽 케어의 사계절 루틴화 + 대용량·무향/저자극 선호,보통
메디큐브 에이지알(AGE-R) 부스터 프로 X2,,,,SR26-SK-DV-P002,검수 필요,https://m.themedicube.co.kr/product/%EB%B6%80%EC%8A%A4%ED%84%B0-%ED%94%84%EB%A1%9C-x2/2705/,2026년 6월 1일 오전 10:12,,medicube,5,,일반 제품컷 있음,https://cafe24img.poxo.com/medicube0/web/product/extra/big/202604/184e32f2aa5e815b76989286ff650b0d.jpg,홈케어디바이스,,,피부관리,,훅: 집에서 ‘피부과 루틴’을 매일 실행하는 남자 / 문제: 꾸준함이 없으면 피부는 그대로(시간·의지 부족) / 각도: 3분 홈케어(세안→부스터→크림)로 ‘통제감’ 만들기 / 근거: K-홈케어 디바이스 시장 확대 + 전/후 비교 콘텐츠 생성이 쉬움,높음
에스트라 아토베리어365 하이드로 수딩크림 80ml,,,,SR26-SK-BR-P110,검수 필요,https://www.oliveyoung.co.kr/store/goods/getGoodsDetail.do?goodsNo=A000000255444,2026년 6월 1일 오전 10:12,,AESTURA,4,,누끼/단독컷 있음,https://image.oliveyoung.co.kr/cfimages/cf-goods/uploads/images/thumbnails/10/0000/0025/A00000025544401ko.jpg?,장벽케어,,,피부관리,,훅: 면도/마스크로 무너진 얼굴 컨디션을 ‘장벽’으로 복구 / 문제: 붉음·따가움·속건조가 누적되면 피곤해 보임 / 각도: 남자 장벽루틴(세안→진정→장벽크림)에서 ‘가벼운 크림’ 슬롯 / 근거: 아토베리어 라인의 인지도 + 여름철에도 무겁지 않은 제형 수요(수딩크림),높음
딥티크(DIPTYQUE) 헤어미스트 도 손 30ml,,,,SR26-GR-FR-P102,검수 필요,https://prod.danawa.com/info/?pcode=11657027,2026년 6월 1일 오전 10:12,,DIPTYQUE,4,,일반 제품컷 있음,https://img.danuri.io/catalog-image/027/657/011/c6fd709f1e674ece9e74201fb812d528.jpg?_v=20260513134708&shrink=330%3A%2A,향수,,,스타일관리,,"훅: 향은 ‘첫인상 통제’인데, 향수는 과하다고 느끼는 남자에게 답 / 문제: 향수의 존재감·실수 부담으로 포기 / 각도: 헤어미스트로 ‘은은한 잔향’만 남기는 향 루틴 / 근거: 니치향수의 라이프스타일 확장(헤어/바디) + 직장/모임에서 부담 낮은 향 포지션",낮음
라네즈 퍼펙트 리뉴 너리싱 오일 투 폼 클렌저 200ml,,,,SR26-SK-CL-P110,검수 필요,https://www.laneige.com/kr/ko/skincare/perfect-renew-nourishing-oil-to-foam-cleanser.html,2026년 6월 1일 오전 10:12,,LANEIGE,3,,누끼/단독컷 있음,https://kr.laneige.com/dw/image/v2/BJZH_PRD/on/demandware.static/-/Sites-masterCatalog_Laneige/default/dw0f79dc6c/product/skincare/perfect-renew-nourishing-oil-to-foam-cleanser/PLS_sku_H_moisturizer_200623-02.png?sw=680&sh=680&sm=fit,클렌징,,,피부관리,,훅: ‘세안이 피곤해 보이는 얼굴’을 만든다 / 문제: 강한 세안→당김→유분 폭발의 루프 / 각도: 오일+폼 올인원으로 밤 세안 단계를 단순화 / 근거: 남성 입문 클렌징에서 ‘쉽고 덜 건조한’ 제품 선호 + 올인원/간편 루틴 트렌드,높음
라로슈포제 리피카 윌 라방 클렌징 오일 리필 400ml,,,,SR26-SK-CL-P109,검수 필요,https://www.oliveyoung.co.kr/store/goods/getGoodsDetail.do?goodsNo=A000000247528,2026년 6월 1일 오전 10:12,,La Roche-Posay,4,,누끼/단독컷 있음,https://image.oliveyoung.co.kr/cfimages/cf-goods/uploads/images/thumbnails/10/0000/0025/A00000024752801ko.png?,클렌징,,,위생관리,,훅: ‘샤워 품질’이 남자 컨디션을 바꾼다 / 문제: 건조/가려움 때문에 바디케어를 못 이어감(귀찮아짐) / 각도: 클렌징 단계부터 건조를 줄여 루틴을 ‘끊기지 않게’ 설계 / 근거: 바디/두피까지 저자극·보습형 클렌저 수요 확대 + 리필형은 반복 루틴에 적합,보통
MALIN+GOETZ 유칼립투스 데오드란트 73g,,,,SR26-BD-BC-P110,검수 필요,https://www.shinsegaev.com/goods/initDetailGoods.siv?goods_no=2104363456,2026년 6월 2일 오전 9:17,,MALIN+GOETZ,4,,누끼/단독컷 있음,https://image.shinsegaev.com/upload/C00001/goods/org/319/230907006309319.jpg?RS=750&SP=1,바디케어,,,위생관리,,"훅: 향으로 덮지 말고 체취를 ‘통제’하는 데오드란트 / 문제: 땀+체취는 향수로 덮을수록 답답해지고 역효과 / 각도: 여름·운동 후 ‘청결감/첫인상’ 슬롯 고정템 / 근거: 미니멀한 어반 그루밍 정석 브랜드, 무알루미늄·무베이킹소다 포지션으로 데일리 루틴화 쉬움",보통
Braun Series 9 Pro+ 9687cc 전기면도기,,,,SR26-BD-SH-P705,검수 필요,https://braun.kr/ko-kr/male-grooming/shavers-for-men/series-9,2026년 6월 2일 오전 9:17,,Braun,5,,누끼/단독컷 있음,https://images.ctfassets.net/5coifxs3udm1/630bnfGXPUGKjMYSLjHGL1/4f663d727602750806727779bdf98cf9/Braun_JP_S9Pro_eFMOT_P25_9687cc_3000x3000.jpg?fm=jpg&w=1200,체모·면도,,,위생관리,,"훅: 면도를 ‘아침 의식’으로 고정시키는 플래그십 전기면도기 / 문제: 면도 컨디션이 무너지면 턱·목 라인이 지저분해 보이고 피로감이 누적 / 각도: 1/3/7일 수염도 ‘반복 없이’ 정리하는 규율 루틴 / 근거: 브라운 9 Pro+는 국내 유통/AS가 안정적이고, 면도-세척-보관까지 한 세트로 루틴 자산화 쉬움",보통
Le Labo HINOKI Shower Gel 250ml,,,,SR26-BD-BC-P111,검수 필요,https://www.lelabofragrances.com/shower-gel-796.html,2026년 6월 2일 오전 9:17,,Le Labo,4,,일반 제품컷 있음,https://www.lelabofragrances.com/media/catalog/product/cache/0d396a31b2bf9db71b0fc4d5832884b8/0/6/06021_shower_gel_hinoki_250ml_2000x2000.jpg,바디케어,,,위생관리,,"훅: 샤워를 ‘향 관리’가 아니라 ‘컨디션 정리’로 만드는 바디 루틴 / 문제: 피곤해 보이는 날일수록 몸에서 나는 잔향·체취가 첫인상을 흔듦 / 각도: 퇴근-샤워-수면 전 루틴에 넣는 ‘히노키 청결감’ / 근거: 히노키 향은 남성 향 문법(우디/사우나/정돈)과 궁합이 좋고, 바디워시로 가장 자연스럽게 입문 가능",낮음
NARS Radiant Creamy Concealer (22 shades),,,,SR26-SK-MK-P001,검수 필요,https://www.narscosmetics.co.kr/en/radiant-creamy-concealer/0607845013716.html,2026년 6월 2일 오전 9:17,,NARS,4,,누끼/단독컷 있음,https://www.narscosmetics.co.kr/dw/image/v2/BCSK_PRD/on/demandware.static/-/Sites-itemmaster_NARS/default/dwa6e9d062/hi-res/0607845013716_RCC_Affogato_1.jpg?sh=750&sm=fit&sw=856,메이크업,,,스타일관리,,"훅: 화장한 티가 아니라 ‘피곤해 보이는 얼굴’을 정리하는 컨실러 1개 / 문제: 다크서클·붉은기·잡티가 쌓이면 인상이 ‘관리 안 됨’으로 읽힘 / 각도: 남자 베이스 입문(국소 보정→톤 정리) 루틴 / 근거: 22쉐이드로 톤 대응 폭이 넓고, 자연스러운 커버/광으로 ‘얼굴 컨디션 정리’ 설명이 쉬움",낮음
비레디 블루 파운데이션 SPF27/PA++,,,,SR26-SK-MK-P111,검수 필요,https://www.amoremall.com/kr/ko/product/detail?onlineProdCode=177770000154&onlineProdSn=56132,2026년 6월 2일 오전 11:24,,비레디,5,,누끼/단독컷 있음,https://images-kr.amoremall.com/products/177770000154/177770000154_01.png?1768982227959,메이크업,,,피부관리,,"훅: 남자의 피부톤을 티 나지 않게 정리하는 파운데이션 / 문제: 모공, 요철, 붉은기 때문에 얼굴 컨디션이 흐트러져 보임 / 각도: 화장이 아니라 인상 정돈 루틴으로 번역 가능 / 근거: 아모레몰 공식 설명에서 남성을 위한 산뜻한 밀착 텍스처와 01-05호 쉐이드 구성을 확인함",높음
비레디 블루 수분 선크림 SPF50+/PA++++,,,,SR26-SK-SS-P114,검수 필요,https://www.amoremall.com/kr/ko/product/detail?onlineProdCode=177770000164&onlineProdSn=57466,2026년 6월 2일 오전 11:25,,비레디,5,,누끼/단독컷 있음,https://images-kr.amoremall.com/products/177770000164/177770000164_01.png?1768982321096,선케어,,,피부관리,,"훅: 선크림 싫어하는 남자를 위한 수분 SPF / 문제: 끈적임과 답답함 때문에 남성 선케어가 누락됨 / 각도: 아침 루틴의 기본 방어막 / 근거: 아모레몰 공식 페이지에서 SPF50+/PA++++, 남성도 편안하다는 후기 문구, 비건 기능성 선케어 정보를 확인함",높음
비레디 블루 세범 파우더,,,,SR26-SK-MK-P112,검수 필요,https://www.amoremall.com/kr/ko/product/detail?onlineProdCode=177770000166&onlineProdSn=57744,2026년 6월 2일 오전 11:25,,비레디,5,,누끼/단독컷 있음,https://images-kr.amoremall.com/products/177770000166/177770000166_01.jpg?1681693694576,메이크업,,,피부관리,,"훅: 번들거림을 통제하는 남성용 파우더 / 문제: 오후 유분과 모공 요철이 얼굴을 지저분하게 보이게 함 / 각도: 쿠션 없이도 쓰는 유분 통제 루틴 / 근거: 아모레몰 공식 설명에서 지성·수부지 남성용, 피지 흡착, 무광 마무리 키워드를 확인함",높음
일소 네추럴 마일드 클리어 노우즈 팩 5매입,,,,SR26-SK-HC-P001,검수 필요,https://www.oliveyoung.co.kr/store/goods/getGoodsDetail.do?goodsNo=A000000171820,2026년 6월 2일 오전 11:25,,일소,5,,일반 제품컷 있음,https://image.oliveyoung.co.kr/cfimages/cf-goods/uploads/images/thumbnails/10/0000/0017/A00000017182076ko.jpg?l=ko,홈케어,,,피부관리,,"훅: 블랙헤드를 뽑지 않고 관리하는 코 루틴 / 문제: 코 피지와 블랙헤드는 남성 얼굴의 청결감을 크게 떨어뜨림 / 각도: 주 1회 홈 클리닉형 모공 관리 / 근거: 올리브영 공식 입점 페이지에서 1등코팩, 5관왕, 피지순삭 키워드와 직접 제품컷을 확인함",높음
이니스프리 데일리 유브이 노세범 선 파우더,,,,SR26-SK-SS-P115,검수 필요,https://m.innisfree.com/kr/ko/dp/product/103679,2026년 6월 2일 오전 11:25,,이니스프리,4,,누끼/단독컷 있음,https://inm-cdn.innisfree.com/origin-image/product/product/00/00/10/36/79/13177fdf-66a2-43d8-99b9-89633ffa25ba.webp,선케어,,,피부관리,,"훅: 유분을 잡으면서 SPF를 덧바르는 선 파우더 / 문제: 남성은 오후 선케어 보강과 번들거림 통제를 동시에 놓치기 쉬움 / 각도: 외출 중 리셋 루틴 / 근거: 이니스프리 공식몰에서 유분, 핑크빛 생기, 블러리 연출, 선파우더 키워드를 확인함",보통
테라바디 리커버리펄스 카프 진동 압박 밴드,,,,SR26-BD-FT-P040,검수 필요,https://m.therabody.kr/product/%ED%85%8C%EB%9D%BC%EB%B0%94%EB%94%94-%EB%A6%AC%EC%BB%A4%EB%B2%84%EB%A6%AC%ED%8E%84%EC%8A%A4-%EC%B9%B4%ED%94%84-%EC%A7%84%EB%8F%99-%EC%95%95%EB%B0%95-%EB%B0%B4%EB%93%9C/341/category/67/display/1/,2026년 6월 2일 오전 11:37,,테라바디,4,,일반 제품컷 있음,http://image1.coupangcdn.com/image/vendor_inventory/0877/fb46c141b7d30108e9e733247d7c2621a58753bec1388fc3b0b751867375.jpg,운동회복,,,바디관리,,훅: 종아리 피로를 압박과 진동으로 정리하는 회복 밴드 / 문제: 러닝·헬스·장시간 이동 후 하체 피로가 다음 날 컨디션을 떨어뜨림 / 각도: 운동 후 회복을 장비화하는 남성 루틴 / 근거: 테라바디 공식몰 신상품 영역에서 리커버리펄스 카프 진동 압박 밴드로 판매되고 회복 카테고리 확장성이 큼,높음
테라바디 슬립마스크 진동 수면 안대,,,,SR26-SL-RS-P102,검수 필요,https://m.therabody.kr/product/%ED%85%8C%EB%9D%BC%EB%B0%94%EB%94%94-%EC%8A%AC%EB%A6%BD%EB%A7%88%EC%8A%A4%ED%81%AC-%EC%A7%84%EB%8F%99-%EC%88%98%EB%A9%B4-%EC%95%88%EB%8C%80/313/category/53/display/1/,2026년 6월 2일 오전 11:37,,테라바디,4,,일반 제품컷 있음,https://m.therabody.kr/web/product/big/202410/1809538e6c7efa847263c8be8c88ee6a.jpg,홈케어디바이스,,,수면관리,,훅: 잠들기 전 눈을 닫는 행위를 루틴 장비로 만든 수면 안대 / 문제: 화면 피로와 빛 노출 때문에 퇴근 후 긴장이 쉽게 풀리지 않음 / 각도: 침대 위 회복 스위치 슬롯 / 근거: 테라바디 한국 공식몰 신상품 영역에서 진동 수면 안대로 판매되고 수면·회복 카테고리 명분이 직접적임,높음
그랑핸드 수지 살몬 멀티 퍼퓸,,,,SR26-GR-FR-P103,검수 필요,https://granhand.com/product/susie-salmon-multi-perfume/714/,2026년 6월 2일 오전 11:37,,GRANHAND,5,,일반 제품컷 있음,https://granhand.com/web/product/big/202506/4837ec6222208738f9834ee762996d6a.jpg,향수,,,스타일관리,,훅: 몸·옷·공간을 한 번에 연결하는 멀티 퍼퓸 / 문제: 향수는 부담스럽고 섬유향은 너무 생활용품처럼 느껴질 수 있음 / 각도: 출근 전 과하지 않은 잔향 통제 루틴 / 근거: 그랑핸드 공식몰에서 100ml·200ml 멀티 퍼퓸으로 판매되며 국내 니치 향 브랜드 감도와 선물성이 높음,보통
그랑핸드 수지 살몬 사쉐,,,,SR26-ST-WC-P001,검수 필요,https://en.granhand.com/product/susie-salmon-sachet/482,2026년 6월 2일 오전 11:37,,GRANHAND,5,,일반 제품컷 있음,https://en.granhand.com/web/product/big/202510/ba2fe70ef7e5527636acc438fc95d198.png,의류관리,,,스타일관리,,훅: 옷장과 차 안의 잔향까지 관리하는 사쉐 / 문제: 향수는 몸에 뿌리지만 옷장·가방·차 안 냄새는 방치되기 쉬움 / 각도: 보이지 않는 청결감과 기억되는 잔향 루틴 / 근거: 그랑핸드 공식몰에서 사쉐 40g 제품으로 판매되며 1.5~2개월 사용 가능성이 명시돼 루틴성과 브랜드 감도가 높음,보통
테라바디 테라마인드 스마트고글 2세대 눈 마사지기,,,,SR26-SL-RS-P103,검수 필요,https://m.therabody.kr/product/%ED%85%8C%EB%9D%BC%EB%B0%94%EB%94%94-%ED%85%8C%EB%9D%BC%EB%A7%88%EC%9D%B8%EB%93%9C-%EC%8A%A4%EB%A7%88%ED%8A%B8%EA%B3%A0%EA%B8%80-2%EC%84%B8%EB%8C%80-%EB%88%88-%EB%A7%88%EC%82%AC%EC%A7%80%EA%B8%B0/433,2026년 6월 2일 오전 11:37,,테라바디,4,,일반 제품컷 있음,https://m.therabody.kr/web/product/big/202504/1c6dc7349543b1b8dd4ce1d9103c599d.jpg,홈케어디바이스,,,수면관리,,훅: 눈 피로를 마사지하는 퇴근 후 회복 고글 / 문제: 장시간 모니터와 스마트폰 사용으로 눈 주변 피로가 얼굴 인상까지 끌고 감 / 각도: 피곤해 보이는 인상을 줄이는 야간 회복 루틴 / 근거: 테라바디 한국 공식몰에서 스마트고글 2세대 눈 마사지기로 판매되고 수면·피로 회복 콘텐츠 연결성이 큼,높음
오쏘몰 바이탈 M 30일분,,,,SR26-FD-SU-P105,검수 필요,https://www.ssg.com/item/itemView.ssg?itemId=1000599428885,2026년 6월 2일 오전 11:37,,Orthomol,4,,일반 제품컷 있음,https://sitem.ssgcdn.com/85/88/42/item/1000599428885_i1_232.jpg,영양제,,,식단관리,,훅: 남성용으로 명분이 선명한 프리미엄 멀티비타민 / 문제: 피로 관리를 말하고 싶지만 일반 비타민은 차별점이 약함 / 각도: 바쁜 남성의 컨디션 보험 루틴 / 근거: 동아제약이 오쏘몰 바이탈 M·F를 남녀 특화 건강기능식품으로 선보였고 SSG 동아제약 판매자스토어에서 30일분 제품이 유통됨,보통
오브제 무드 체인지 립밤 2종,,,,SR26-SK-LP-P001,검수 필요,https://obge.co.kr/product/%EB%AC%B4%EB%93%9C-%EC%B2%B4%EC%9D%B8%EC%A7%80-%EB%A6%BD%EB%B0%A4-2%EC%A2%85/18/,2026년 6월 2일 오전 11:59,,OBgE,4,,누끼/단독컷 있음,https://cafe24img.poxo.com/obge/web/product/tiny/202603/8d905196a11b8ec753ed3e3cfe33f704.png,립케어,,,피부관리,,"훅: 티 안 나게 입술 생기를 되돌리는 남성 립밤 / 문제: 건조하고 창백한 입술은 피곤해 보이지만 컬러 립 제품은 부담스러움 / 각도: 색조가 아니라 컨디션을 회복하는 입술 관리 / 근거: 오브제 공식 FAQ와 상품 페이지에서 자연 발색·보습 구조가 확인되고 글로우픽 후기에서 남성도 쓰기 좋은 자연스러운 생기, 건조한 입술 보습 니즈가 반복됨",높음
오브제 내추럴 커버 로션 2종,,,,SR26-SK-MK-P111,검수 필요,https://obge.co.kr/product/%EB%82%B4%EC%B6%94%EB%9F%B4-%EC%BB%A4%EB%B2%84-%EB%A1%9C%EC%85%98/474/,2026년 6월 2일 오전 11:59,,OBgE,5,,누끼/단독컷 있음,https://cafe24img.poxo.com/obge/web/product/tiny/202603/51cc2c59aaf57f8e1a7d5c39687f1b82.png,메이크업,,,피부관리,,"훅: 로션처럼 바르는 남성용 자연 커버 / 문제: 잡티와 수염 자국은 신경 쓰이지만 파운데이션·쿠션은 티 날까 봐 부담스러움 / 각도: 피부를 꾸미는 게 아니라 피곤해 보이는 얼굴을 정리하는 한 단계 / 근거: 오브제 공식몰에서 스킨케어·자외선 차단·피부 커버를 한 번에 해결하는 올인원 커버로션으로 소개되고, 관련 기사에서 올리브영 맨즈케어 1위·남성 자연 커버 니즈가 언급됨",높음
파티온 노스카나인 트러블 컴포트 수분 선크림 SPF50+/PA++++,,,,SR26-SK-SS-P111,검수 필요,https://www.fation.co.kr/product/%ED%8C%8C%ED%8B%B0%EC%98%A8-%EB%85%B8%EC%8A%A4%EC%B9%B4%EB%82%98%EC%9D%B8-%ED%8A%B8%EB%9F%AC%EB%B8%94-%EC%BB%B4%ED%8F%AC%ED%8A%B8-%EC%88%98%EB%B6%84-%EC%84%A0%ED%81%AC%EB%A6%BC-spf50pa/977/,2026년 6월 2일 오전 11:59,,FATION,5,,누끼/단독컷 있음,https://www.fation.co.kr/web/product/big/202503/a53d1cb5ff2ecdf269b8b5a75f676e81.png,선케어,,,피부관리,,"훅: 트러블 피부가 선크림을 포기하지 않게 만드는 수분 SPF / 문제: 선크림을 바르면 답답함·번들거림·트러블 걱정 때문에 차라리 안 바르는 남성이 많음 / 각도: 여드름 흔적이 있는 피부도 매일 바를 수 있는 방어 루틴 / 근거: 공식몰에서 SPF50+/PA++++, 40ml, 판테놀·알란토인·쑥잎추출물 등 진정 성분을 확인했고 화해·글로우픽 계열 리뷰에서 트러블·민감 피부 선크림 니즈가 반복됨",높음
오브제 포어 제로 오일 컨트롤 선스틱,,,,SR26-SK-SS-P112,검수 필요,https://obge.co.kr/product/%ED%8F%AC%EC%96%B4-%EC%A0%9C%EB%A1%9C-%EC%98%A4%EC%9D%BC-%EC%BB%A8%ED%8A%B8%EB%A1%A4-%EC%84%A0%EC%8A%A4%ED%8B%B1/818/,2026년 6월 2일 오전 11:59,,OBgE,5,,누끼/단독컷 있음,https://cafe24img.poxo.com/obge/web/product/tiny/202603/51d51d34f9b752e25fd4dc8724ae280e.png,선케어,,,피부관리,,"훅: 기름종이처럼 쓰는 남성 선스틱 / 문제: 남성 지성 피부는 선크림을 바른 뒤 점심 전에 번들거림이 무너지고, 손에 묻혀 덧바르는 것도 싫어함 / 각도: 자외선 차단과 유분 정리를 동시에 하는 외출 리터치 루틴 / 근거: 공식몰에서 포어 제로 오일 컨트롤 선스틱과 SPF50+/PA++++ 성격이 확인되고, 언파 리뷰·업계 기사에서 보송함·유분 컨트롤·120만개 판매 및 올리브영/무신사 랭킹 호조가 언급됨",높음
포맨트 코튼허그 섬유향수,,,,SR26-ST-WC-P002,검수 필요,https://forment.co.kr,2026년 6월 2일 오후 2:40,,포맨트,4,,일반 제품컷 있음,https://theforment.co.kr/web/product/big/202202/90b2ea90dd70ed6cc5834002a5432962.jpg,의류관리,,,스타일관리,,훅: 향수를 뿌리지 않아도 옷에서 깨끗한 인상을 남기는 섬유향 / 문제: 향수는 부담스럽지만 셔츠와 외투 냄새는 관리하고 싶음 / 각도: 옷 냄새와 첫인상을 동시에 관리하는 잔향 슬롯 / 근거: 포맨트는 국내 향 제품 인지도가 있고 섬유향수는 남성 청결감 콘텐츠로 자연스럽다.,높음
바이오던스 콜라겐 리얼 딥 마스크,,,,SR26-SK-SA-P111,검수 필요,https://biodance.co.kr,2026년 6월 2일 오후 2:40,,바이오던스,4,,일반 제품컷 있음,https://biodance.co.kr/web/upload/NNEditor/20250605/copy-1749101984-2506_E1848BE185A9E186B8E18489E185A7E186ABE1848BE185A1E186ABE18482E185A2E18487E185A2E18482E185A5.jpg,슬로우에이징,,,피부관리,,훅: 자는 동안 피곤한 인상을 눌러주는 콜라겐 마스크 / 문제: 수면 부족과 건조가 다음 날 얼굴 피로감으로 바로 보임 / 각도: 회복형 슬로우에이징 나이트 루틴 / 근거: 콜라겐 마스크팩은 K-뷰티 숏폼과 올리브영 채널에서 전후 비교형 콘텐츠로 확산성이 높다.,높음
케라스타즈 제네시스 옴므 세럼 안티-슈트 포티피앙,,,,SR26-GR-SC-P106,검수 필요,https://www.kerastase.co.kr,2026년 6월 2일 오후 2:40,,케라스타즈,4,,일반 제품컷 있음,https://sitem.ssgcdn.com/38/88/60/item/1000546608838_i1_1100.jpg,두피케어,,,스타일관리,,훅: 빠지는 머리를 샴푸 밖 루틴으로 관리하는 두피 세럼 / 문제: 탈모 고민이 생기면 샴푸만 바꾸고 끝내기 쉬움 / 각도: 샴푸 이후 두피 관리 단계 슬롯 / 근거: 케라스타즈 제네시스 옴므는 남성용 헤어·두피 케어 명분이 강하고 프리미엄 그루밍 콘텐츠로 확장 가능하다.,보통
풀리오 목어깨 마사지기,토큰 교체 후 REST health check 통과. 제품 사진 URL이 비어 있어 Figma 카드 이미지 조건 미충족. 제품 단독 누끼 이미지 필요. Figma node 1:3 아래 SR26-BD-FT는 루틴 액션바만 확인되고 제품 카드 배치 영역은 확인하지 못함.,,수정 필요,SR26-BD-FT-P040,승인,https://pulio.co.kr,2026년 6월 2일 오후 2:40,,풀리오,5,,일반 제품컷 있음,https://pulio365.cafe24.com/web/N002/006.png,운동회복,,,바디관리,,"훅: 어깨가 굳은 남자의 퇴근 후 회복 장비 / 문제: 운동, 운전, 장시간 노트북 사용 뒤 목어깨 긴장이 루틴을 무너뜨림 / 각도: 바디 컨디션 회복 디바이스 슬롯 / 근거: 소형 마사지기는 홈케어·선물·직장인 피로 회복 콘텐츠로 설명하기 쉽고 협찬 확장성이 높다.",높음
우르오스 스킨워시,,,,SR26-BD-BC-P112,검수 필요,https://www.ulos.co.kr,2026년 6월 2일 오후 2:40,,우르오스,5,,일반 제품컷 있음,https://sitem.ssgcdn.com/25/55/93/item/1000544935525_i1_1200.jpg,바디케어,,,바디관리,,"훅: 얼굴과 몸을 한 번에 씻는 남성 샤워 루틴 / 문제: 운동 후 땀, 피지, 냄새를 빠르게 정리해야 하지만 제품을 여러 개 쓰기 귀찮음 / 각도: 헬스장·출장·아침 샤워용 멀티 클렌저 슬롯 / 근거: 우르오스는 남성 바디·스킨케어에서 장기 인지도가 있고 남성 전용 명분이 강하다.",보통
닥터지 레드 블레미쉬 포 맨 올인원,,,,SR26-SK-BR-P111,검수 필요,https://www.dr-g.co.kr,2026년 6월 2일 오후 2:40,,닥터지,5,,일반 제품컷 있음,https://sitem.ssgcdn.com/00/76/74/item/1000049747600_i1_1200.jpg,장벽케어,,,피부관리,,"훅: 남성 피부를 한 병으로 잠잠하게 정리하는 올인원 / 문제: 면도와 세안 뒤 붉어짐, 건조, 번들거림을 따로 관리하기 귀찮음 / 각도: 남성 장벽케어 입문 슬롯 / 근거: 닥터지는 올리브영 기반 더마 인지도가 높고 레드 블레미쉬 라인이 진정·수분 키워드로 강하다.",높음
포뷰트 MTS 두피 부스트 앰플,,,,SR26-GR-SC-P106,검수 필요,https://www.oliveyoung.co.kr/store/goods/getGoodsDetail.do?goodsNo=A000000238723,2026년 6월 2일 오후 2:50,,포뷰트,5,,누끼/단독컷 있음,https://www.forbeaut.co.kr/web/product/extra/big/202510/de618b5bb540b6844f5b8fcc2a3429db.jpg,두피케어,,,스타일관리,,훅: 샴푸 다음 단계의 두피 앰플 루틴 / 문제: 두피 고민은 샴푸만으로 끝내기 어렵고 정수리 볼륨과 인상이 같이 무너진다 / 각도: 두피를 피부처럼 관리하는 앰플 슬롯 / 근거: 포뷰트는 남성 헤어·두피 맥락이 강하고 올리브영 두피 케어 카테고리 노출이 있다.,높음
니베아 데오드란트 스틱 더마컨트롤 리스토어,,,,SR26-BD-BC-P113,검수 필요,https://www.oliveyoung.co.kr/store/goods/getGoodsDetail.do?goodsNo=A000000249278,2026년 6월 2일 오후 2:50,,니베아,4,,누끼/단독컷 있음,https://image.oliveyoung.co.kr/cfimages/cf-goods/uploads/images/thumbnails/10/0000/0024/A00000024927802ko.jpg?l=ko,바디케어,,,바디관리,,훅: 향으로 덮기보다 땀냄새를 사전에 차단하는 스틱 / 문제: 여름·운동 후 체취는 향수보다 데오드란트 루틴이 먼저다 / 각도: 겨드랑이 체취 기본 관리 슬롯 / 근거: 올리브영 데오드란트 카테고리 노출과 니베아의 대중 접근성이 있어 남성 청결 루틴으로 전환하기 쉽다.,보통
그라펜 트리플립 PRO 4종,,,,SR26-SK-LP-P020,검수 필요,https://www.oliveyoung.co.kr/store/goods/getGoodsDetail.do?goodsNo=A000000244792,2026년 6월 2일 오후 2:50,,그라펜,5,,누끼/단독컷 있음,https://img.ssfshop.com/goods/BETY/24/01/04/GR0B24010402659_0_THNAIL_ORGINL_20260128132055974.jpg,립케어,,,피부관리,,훅: 티 나지 않는 남자 입술 생기 루틴 / 문제: 건조하고 창백한 입술은 피곤한 인상을 만들지만 색조 립은 부담스럽다 / 각도: 무색·저채도 립 컨디션 관리 슬롯 / 근거: 그라펜은 남성 그루밍 브랜드 감도가 있고 올리브영에서 남자 립밤 1등 문구로 판매된다.,높음
비레디 트루 톤 로션 하이드로/에어리 40ml 기획,,,,SR26-SK-MK-P114,검수 필요,https://www.brdy-official.com/product/detail.html?product_no=169,2026년 6월 2일 오후 2:50,,비레디,5,,일반 제품컷 있음,https://img.danuri.io/catalog-image/212/035/114/985f4ff475254c27b8cffc650ff9a32c.jpg?shrink=500:500&_v=20260601193412,메이크업,,,피부관리,,"훅: 티 안 나게 얼굴 피로감을 낮추는 커버 로션 / 문제: 남성은 선크림, 로션, 톤 보정을 따로 바르면 루틴 지속이 어렵다 / 각도: 출근 전 1분 피부 컨디션 정리 슬롯 / 근거: 비레디는 남성 토탈 스타일링 브랜드로 올리브영·무신사 유통과 남성 커버 로션 명분이 강하다.",높음
루테카 루트 인핸싱 볼륨 토닉,,,,SR26-GR-SC-P107,검수 필요,https://www.oliveyoung.co.kr/store/goods/getGoodsDetail.do?goodsNo=A000000231738,2026년 6월 2일 오후 2:50,,루테카,4,,누끼/단독컷 있음,https://image.oliveyoung.co.kr/cfimages/cf-goods/uploads/images/thumbnails/10/0000/0023/A00000023173805ko.jpg?l=ko,두피케어,,,스타일관리,,훅: 납작한 정수리를 드라이 전 토닉으로 세우는 루틴 / 문제: 남성 헤어는 두피 유분과 볼륨 저하가 바로 나이 들어 보이는 인상으로 이어진다 / 각도: 샴푸 후 뿌리 볼륨 리셋 슬롯 / 근거: 루테카는 올리브영 기능성 헤어케어 브랜드로 뿌리 볼륨과 두피 케어 메시지가 명확하다.,보통
토리든 밸런스풀 포맨 시카 오일 컨트롤 선스틱 20g 기획,,,,SR26-SK-SS-P115,검수 필요,https://www.oliveyoung.co.kr/store/goods/getGoodsDetail.do?goodsNo=A000000248312,2026년 6월 2일 오후 3:22,,토리든,5,,일반 제품컷 있음,https://image.oliveyoung.co.kr/cfimages/cf-goods/uploads/images/thumbnails/10/0000/0024/A00000024831214ko.jpg?l=ko,선케어,,,피부관리,,"훅: 점심 이후 번들거림까지 잡는 남성 선스틱 / 문제: 남성 선케어는 재도포 귀찮음과 유분감 때문에 루틴에서 빠지기 쉬움 / 각도: 여름 출근·운동 전후에 손 안 묻히는 오일 컨트롤 SPF / 근거: 올리브영 맨즈케어 선스틱 상품으로 판매되며, 토리든 포맨 라인과 시카·오일 컨트롤 키워드가 남성 피지 고민과 직접 연결됨",높음
다슈 맨즈 듀얼 트릭 스틱 샌드 / 라이트,,,,SR26-SK-MK-P111,검수 필요,https://www.oliveyoung.co.kr/store/goods/getGoodsDetail.do?goodsNo=A000000131799,2026년 6월 2일 오후 3:22,,다슈,5,,일반 제품컷 있음,https://image.oliveyoung.co.kr/cfimages/cf-goods/uploads/images/thumbnails/10/0000/0013/A00000013179907ko.jpg?l=ko,메이크업,,,피부관리,,"훅: 티 안 나게 잡티와 윤곽을 동시에 정리하는 남성 스틱 / 문제: 전체 베이스 메이크업은 부담스럽지만 다크서클, 트러블 자국, 얼굴 피로감은 신경 쓰임 / 각도: 30초 부분 커버와 쉐딩을 하나로 묶는 인상 관리템 / 근거: 올리브영에서 맨즈 듀얼 트릭 스틱으로 판매되며 컨실러+쉐딩 2 in 1 구조가 남성 메이크업 입문 장벽을 낮춤",높음
슬릭 모션 면도기 T1 콜라보 기획,,,,SR26-BD-SH-P110,검수 필요,https://www.oliveyoung.co.kr/store/goods/getGoodsDetail.do?goodsNo=A000000217593,2026년 6월 2일 오후 3:22,,슬릭,5,,누끼/단독컷 있음,https://image.oliveyoung.co.kr/cfimages/cf-goods/uploads/images/thumbnails/10/0000/0021/A00000021759303ko.jpg?l=ko,체모·면도,,,위생관리,,"훅: 욕실에 두고 싶은 면도기까지 관리하는 남자 / 문제: 면도기는 매일 쓰지만 디자인, 절삭감, 피부 자극 기준을 제대로 고르기 어려움 / 각도: 저자극 밀착 면도와 팬덤 콜라보를 묶은 그루밍 업그레이드 / 근거: 올리브영 맨즈케어 면도기/면도날 상품이며, 슬릭은 도루코 프리미엄 면도기 브랜드로 2025 굿디자인 어워드 퍼스널 부문 수상 이력이 있음",높음
얼티브 ZERO당 프로틴 쌀밥맛 250ml 18개입,,,,SR26-FD-SU-P105,검수 필요,https://www.oliveyoung.co.kr/store/goods/getGoodsDetail.do?goodsNo=B000000206787,2026년 6월 2일 오후 3:23,,얼티브,4,,누끼/단독컷 있음,https://image.oliveyoung.co.kr/cfimages/cf-goods/uploads/images/thumbnails/10/0000/0020/B00000020678703ko.jpg?l=ko,영양제,,,식단관리,,"훅: 운동 후 단백질을 디저트가 아니라 식단 통제로 마시는 선택 / 문제: 단백질 보충은 필요하지만 당, 맛 피로감, 휴대성이 루틴을 끊음 / 각도: ZERO당·쌀밥맛으로 한국형 식사 대체와 운동 후 회복을 연결 / 근거: 올리브영 맨즈케어 헬스용품/식품 프로틴 카테고리에서 판매되며 ZERO당 프로틴 상품명과 250ml 음료 형태가 반복 섭취 루틴에 맞음",보통
다슈 맨즈 매직커버 니플밴드 더블 기획,,,,SR26-BD-BC-P114,검수 필요,https://www.oliveyoung.co.kr/store/goods/getGoodsDetail.do?goodsNo=A000000143150,2026년 6월 2일 오후 3:23,,다슈,4,,일반 제품컷 있음,https://image.oliveyoung.co.kr/cfimages/cf-goods/uploads/images/thumbnails/10/0000/0014/A00000014315001ko.jpg?l=ko,바디케어,,,위생관리,,"훅: 여름 티셔츠 핏을 망치는 작은 디테일 관리 / 문제: 얇은 상의, 운동복, 출근 셔츠에서 니플 비침은 청결감과 자신감을 떨어뜨림 / 각도: 향수나 바디워시보다 더 현실적인 여름 몸가짐 루틴 / 근거: 올리브영 맨즈케어 패션/취미 니플패치 상품으로 판매되며, 리뷰 수가 많은 남성 전용 커버 밴드 카테고리 후보임",높음
솔랩 프리미엄 탈모/두피진정 두피앰플 40ml (+탈모샴푸100ml),누끼 이미지 필요: 제품 사진 속성이 비어 있어 Figma 카드용 실제 이미지 파일을 시각 확인할 수 없음. 공식몰 또는 올리브영 CDN의 본품 단독컷 확보 후 재검수 필요.,,수정 필요,SR26-GR-SC-P108,승인,https://www.oliveyoung.co.kr/store/goods/getGoodsDetail.do?goodsNo=A000000208264,2026년 6월 2일 오후 3:37,,솔랩,5,,일반 제품컷 있음,https://image.oliveyoung.co.kr/cfimages/cf-goods/uploads/images/thumbnails/10/0000/0020/A00000020826401ko.jpg?l=ko,두피케어,오후가 되면 정수리 볼륨이 빨리 꺼지는 날 / 샴푸를 바꿔도 두피 열감이 남는 사람 / 탈모 제품은 부담스럽지만 두피에 직접 바르는 루틴은 해보고 싶은 상황,"샴푸 뒤에도 두피가 답답한 날, 정수리 컨디션을 한 단계 더 챙기기 쉽다.",스타일관리,두피 앰플 / 정수리 볼륨 / 샴푸 다음 단계 / 밤 루틴,"훅: 샴푸 다음에 붙이는 두피 앰플 루틴 / 문제: 머리를 감아도 정수리가 금방 꺼지고 두피가 간지러우면 헤어스타일보다 컨디션이 먼저 무너진다 / 각도: 탈모 공포가 아니라 두피 컨디션을 아침 모양의 기반으로 잡는 제품 / 근거: 올리브영 솔랩 브랜드관은 22년 두피 연구 헤리티지와 문제성 두피 솔루션을 내세우고, 해당 두피앰플은 올리브영 상품 페이지와 브랜드관에서 핵심 제품으로 노출된다.",높음
어바웃톤 블러 파우더 팩트 9g 7COLOR (기획/단품),,,,SR26-SK-MK-P115,검수 필요,https://www.oliveyoung.co.kr/store/display/getMCategoryList.do?dispCatNo=1000001000200010004,2026년 6월 2일 오후 3:37,,어바웃톤,4,,일반 제품컷 있음,https://sitem.ssgcdn.com/93/48/19/item/1000533194893_i1_1100.jpg,메이크업,,,피부관리,,"훅: 오후 얼굴 번들거림을 한 번에 낮추는 블러 팩트 / 문제: 점심 이후 코 옆과 이마가 번들거리면 피부가 피곤해 보이고 사진에서도 모공이 더 도드라진다 / 각도: 커버 메이크업보다 휴대형 유분 리셋 도구로 제안 / 근거: 올리브영 파우더/팩트 카테고리 베스트 노출, 글로우픽 리뷰 1,458건과 2026 상반기 클린뷰티 페이스메이크업 부문 1위 수상 정보가 확인된다.",높음
쏘내추럴 파우더포룸 피치 데오 팩트 10g 기획 (+퍼프 증정),,,,SR26-BD-BC-P114,검수 필요,https://www.oliveyoung.co.kr/store/goods/getGoodsDetail.do?goodsNo=A000000223446,2026년 6월 2일 오후 3:37,,쏘내추럴,4,,일반 제품컷 있음,https://image.oliveyoung.co.kr/cfimages/cf-goods/uploads/images/thumbnails/10/0000/0022/A00000022344601ko.jpg?l=ko,바디케어,,,위생관리,,"훅: 땀이 아니라 옷에 남는 축축함까지 줄이는 데오 팩트 / 문제: 출근길이나 외출 직전에 겨드랑이와 목 뒤가 끈적하면 향수를 뿌려도 몸이 답답해 보인다 / 각도: 스프레이 대신 눌러 바르는 보송 리셋템 / 근거: 올리브영 데오드란트 카테고리에서 1,196개 리뷰가 확인되고, 여름 냄새·체취 관리 검색 수요와 맞물려 데오 팩트가 휴대형 바디 정돈 제품으로 쓰이기 쉽다.",보통
트리플 콜라겐 오렌지,,,,,,,2026년 6월 4일 오전 10:05,,,,,일반 제품컷 있음,https://img.ssfshop.com/cmd/LB_500x660/src/https://img.ssfshop.com/goods/BETY/24/02/27/GR3R24022711375_1_THNAIL_ORGINL_20240227153238565.jpg,,,,,,,
에어밴드 비강확장밴드,,,,,,,2026년 6월 4일 오전 10:20,,,,,일반 제품컷 있음,https://sitem.ssgcdn.com/43/91/73/item/1000264739143_i1_1200.jpg,,,,,,,
오브제 오일 컨트롤 피니셔 5g,이미지 시각 확인 실패: 로컬 DNS에서 http://image.oliveyoung.co.kr 해석 불가. Figma 배치 전 실제 누끼/단독컷 재확인 필요. 또한 node 108:15698 아래 같은 base code SR26-SK-MK 섹션을 확인하지 못함.,,수정 필요,SR26-SK-MK-P115,승인,https://m.obge.co.kr/product/detail.html?cate_no=1&display_group=7&product_no=1096,2026년 6월 4일 오전 11:24,,오브제,5,,누끼/단독컷 있음,https://image.oliveyoung.co.kr/cfimages/cf-goods/uploads/images/thumbnails/10/0000/0024/A00000024660002ko.jpg,메이크업,점심 뒤 모니터에 비친 T존이 번들거리는 날 / 검은 옷이나 휴대폰에 가루 묻는 게 싫은 사람 / 소개팅이나 면접 전 얼굴 표면만 빠르게 눌러야 하는 상황,"오후 화상회의 전, 이마와 코의 번들거림이 덜 튀게 정리해준다.",스타일관리,오후 리셋 / T존 번들거림 / 화상회의 / 가루날림 부담,"훅: 오후 3시, 모니터 앞에서 얼굴 중앙만 번들거려 화상회의 화면이 먼저 신경 쓰이는 순간 / 문제: 기름종이는 임시방편이고 파우더는 하얗게 뜨거나 옷·폰에 묻을 수 있음 / 각도: 화장품이 아니라 얼굴 표면의 과한 빛을 줄이는 마감 도구 / 근거: 오브제 공식몰은 젤 파우더 타입, 유분 감소, 묻어남 완화, 맨얼굴·메이크업 후 사용을 함께 설명하고 올리브영 남성 메이크업 랭킹에서도 상위 노출된다.",높음
대원제약 대원헬스 꿀잠샷 20g x 12포,누끼 이미지 필요: 현재 제품 사진은 보도자료 기반 일반 제품컷으로 기록되어 있어 Figma 카드용 단독 누끼/흰 배경 컷 조건을 충족하지 못함. node 108:15698 아래 같은 base code SR26-SL-RS 섹션도 확인 필요.,,수정 필요,SR26-SL-RS-P103,승인,https://www.oliveyoung.co.kr/store/goods/getGoodsDetail.do?dispCatNo=90000010009&goodsNo=A000000247884,2026년 6월 4일 오전 11:24,,대원헬스,5,,일반 제품컷 있음,https://t1.daumcdn.net/news/202602/25/Edaily/20260225111448215omfd.jpg,수면관리,야근 뒤 누웠는데 폰을 오래 보게 되는 밤 / 출장 중 낯선 침대에서 잠 전환이 늦는 날 / 알약보다 포 타입이 편한 사람,"잠들기 전까지 머리가 계속 켜져 있는 날, 침대 옆에서 루틴을 짧게 끝낼 수 있다.",수면관리,잠 전환 / 출장 파우치 / 밤 루틴 / 포 타입,"훅: 새벽까지 폰을 보다가 알람 두 번을 끄고도 머리가 늦게 켜지는 아침 / 문제: 수면제를 찾기엔 부담스럽고 알약·캡슐 루틴은 계속 밀림 / 각도: 침대 옆이나 출장 파우치에 두는 잠 전환용 액상 루틴 / 근거: 대원제약은 꿀잠샷을 전국 900여 개 올리브영과 올리브베러에 입점시켰고, 2026년 수면 보조 성분·액상형 제품 수요가 커졌다는 보도가 이어졌다.",보통
[한정기획/1위 스케일러] 그로우어스 씨솔트 테라피 두피스케일러 EX 265g 단품/기획,"문제성 24/25, 루틴성 17/20, 콘텐츠 각도 19/20, 브랜드 감도 17/20, 협찬 확장성 12/15 = 89점. 샴푸와 두피 스케일러의 역할 차이를 콘텐츠화하기 좋다.",,,SR26-HR-DCL-P1,검수 필요,https://www.oliveyoung.co.kr/store/goods/getGoodsDetail.do?goodsNo=A000000228372,2026년 6월 4일 오후 2:36,,그로우어스,5,SR26-HR-DCL-C1,일반 제품컷 있음,https://image.oliveyoung.co.kr/cfimages/cf-goods/uploads/images/thumbnails/10/0000/0022/A00000022837218ko.jpg?l=ko,두피케어,저녁만 되면 정수리 냄새와 유분이 신경 쓰이는 사람; 왁스나 스프레이를 자주 쓰는 사람; 두피 각질 때문에 검은 옷이 부담스러운 사람,샴푸만으로 정수리 유분과 각질이 덜 씻긴다고 느끼는 날의 주 1-2회 두피 리셋 후보.,스타일관리,"두피스케일러, 정수리냄새, 유분리셋, 헤어루틴, 주간관리","올리브영 두피 캐치키워드에서 두피 각질, 가려움, 딥클렌징 제품 니즈가 확인되고, 올리브영 상품 정보와 리뷰 집계에서 두피 스케일러 수요가 크다.",보통
[인생84 PICK] 46cm 체취 땀냄새 솔루션 약산성 데오드란트 바디워시 600ml,"문제성 23/25, 루틴성 19/20, 콘텐츠 각도 18/20, 브랜드 감도 16/20, 협찬 확장성 14/15 = 90점. 바디 냄새를 향수 이전 단계의 위생 루틴으로 설명하기 좋다.",,,SR26-BD-BO-P1,검수 필요,https://www.oliveyoung.co.kr/store/goods/getGoodsDetail.do?goodsNo=A000000251417,2026년 6월 4일 오후 2:36,,46cm,5,SR26-BD-BO-C1,일반 제품컷 있음,https://image.oliveyoung.co.kr/cfimages/cf-goods/uploads/images/thumbnails/10/0000/0025/A00000025141726ko.jpg?l=ko,바디케어,퇴근 후 운동복 냄새가 신경 쓰이는 사람; 여름 출근길에 땀냄새가 먼저 걱정되는 사람; 등과 가슴 트러블 때문에 강한 향 바디워시가 부담스러운 사람,"운동 뒤나 여름 출근 전, 향수로 덮기 전에 몸 냄새를 먼저 씻어내는 바디 루틴 후보.",바디관리,"바디냄새, 데오드란트바디워시, 운동후샤워, 여름루틴, 약산성","올리브영 겨드랑이/데오드란트 캐치키워드에서 제모와 데오드란트 검색 증가 흐름이 확인되고, 글로우픽/올리브영 상품 정보에서 체취·땀냄새·약산성 바디워시 니즈가 반복된다.",높음
랩시리즈 데일리 레스큐 페이스 로션 50ml,"문제성 20/25, 루틴성 20/20, 콘텐츠 각도 16/20, 브랜드 감도 19/20, 협찬 확장성 12/15 = 87점. 프리미엄 남성 스킨케어의 아침 보습 루틴으로 설명하기 좋다.",,,SR26-SK-ER-P1,검수 필요,https://www.oliveyoung.co.kr/store/goods/getGoodsDetail.do?goodsNo=A000000199825,2026년 6월 4일 오후 2:36,,랩시리즈,4,SR26-SK-ER-C1,일반 제품컷 있음,https://image.oliveyoung.co.kr/cfimages/cf-goods/uploads/images/thumbnails/10/0000/0019/A00000019982508ko.jpg?l=ko,장벽케어,아침에 얼굴이 푸석하고 칙칙해 보이는 사람; 크림은 답답하지만 로션은 필요한 사람; 향이 강한 남성 화장품이 부담스러운 사람,피곤해 보이는 아침 얼굴을 무겁지 않은 로션 한 단계로 정돈하는 데일리 보습 후보.,피부관리,"남성로션, 데일리보습, 피곤한얼굴, 수분루틴, 아침관리","올리브영 랩시리즈 상품 정보와 글로벌 공식몰 설명에서 남성용 데일리 수분 로션 포지션이 확인되고, 화해 급상승/랭킹에서 수분·장벽·저자극 스킨케어 수요가 이어진다.",보통
르네휘테르 아스테라 프레쉬 두피 쿨링 세럼 75ml,,,,SR26-GR-SC-P109,검수 필요,https://www.oliveyoung.co.kr/store/goods/getGoodsDetail.do?goodsNo=A000000213301,2026년 6월 6일 오후 2:06,,르네휘테르,5,,누끼/단독컷 있음,https://image.oliveyoung.co.kr/cfimages/cf-goods/uploads/images/thumbnails/10/0000/0021/A00000021330104ko.jpg?l=ko,두피케어,,,스타일관리,,"훅: 머리 감고 나왔는데 오후만 되면 정수리가 뜨겁고 손이 자꾸 올라가는 날이 있다. / 문제: 두피 열감과 가려움은 티가 잘 안 나서 참다가 각질이나 냄새로 늦게 보인다. / 각도: 샴푸를 바꾸기 전, 말리기 직전에 두피를 식히는 작은 회복 루틴으로 잡기 좋다. / 근거: 올리브영 상품 페이지에서 두피 진정 앰플 카테고리와 아스테라 프레쉬 세럼 상품 정보가 확인되고, 2026 올리브영 트렌드 키워드에서도 웰니스와 회복성 루틴 수요가 강조된다.",보통
희녹 더 스프레이 세트,,,,SR26-ST-WC-P102,검수 필요,https://hinok.life/product/the-spray-set/175/,2026년 6월 6일 오후 2:06,,희녹,5,,일반 제품컷 있음,https://hinok.life/web/product/small/202310/4c37cc763ce5af58e386b8043d2b3594.jpg,의류관리,,,공간관리,,"훅: 빨래하기엔 애매한 재킷이나 운동화에서 전날 냄새가 남아 있으면 옷을 입기도 전에 하루가 찝찝해진다. / 문제: 향수로 덮으면 더 꾸민 느낌이 나고, 섬유탈취제 냄새가 오래 남으면 오히려 피곤하다. / 각도: 옷과 신발을 갈아입는 사이에 잔향보다 냄새 정리를 먼저 하는 생활 관리템으로 말하기 좋다. / 근거: 희녹 공식 상품 페이지에서 침구, 의류, 신발 등 패브릭 탈취 사용처와 12가지 섬유 테스트, 탈취 테스트 정보가 확인된다.",높음
아이오페 맨 올데이 퍼펙트 톤업 올인원 SPF15 120ml,,,,SR26-SK-MK-P116,검수 필요,https://www.ssg.com/item/itemView.ssg?itemId=1000668222457&siteNo=7024&salestrNo=6005,2026년 6월 10일 오전 10:13,,아이오페,5,,누끼/단독컷 있음,https://sitem.ssgcdn.com/57/24/22/item/1000668222457_i1_232.jpg,메이크업,,,피부관리,,훅: 아침에 로션까지 발랐는데 얼굴빛이 칙칙하면 피곤한 티가 먼저 보인다. / 문제: 파운데이션은 부담스럽고 선크림만 바르면 톤이 그대로라 중요한 약속 전에도 손이 애매하다. / 각도: 로션처럼 바르면서 허옇게 꾸민 느낌보다 피곤한 색만 살짝 걷어내는 출근 전 톤 정리 루틴으로 잡기 좋다. / 근거: SSG 상품 정보에서 아이오페 맨 올데이 퍼펙트 톤업 올인원 SPF15 120ml 상품명과 단품 대표 이미지가 확인된다.,보통
아로마티카 로즈마리 루트 인핸서 100ml,,,,SR26-GR-SC-P110,검수 필요,https://www.ssg.com/item/itemView.ssg?itemId=1000671890922&siteNo=6001&salestrNo=6005,2026년 6월 10일 오전 10:13,,아로마티카,5,,일반 제품컷 있음,https://sitem.ssgcdn.com/22/09/89/item/1000671890922_i1_232.jpg,두피케어,,,스타일관리,,"훅: 머리 감고 말렸는데도 오후가 되면 정수리가 답답하고 손이 자꾸 올라가는 날이 있다. / 문제: 샴푸만 바꾸면 해결될 것 같지만 두피가 건조하거나 뜨거운 느낌은 낮 동안 따로 남는다. / 각도: 스타일링 전에 향이나 볼륨보다 두피 컨디션을 먼저 눌러주는 책상 위 토닉 루틴으로 말하기 좋다. / 근거: SSG 상품 정보에서 아로마티카 로즈마리 루트 인핸서 100ml와 모근영양 헤어토닉 상품명이 확인되고, 대표 이미지는 단품 제품컷으로 확인된다.",높음
니베아 맨 데오드란트 롤온 쿨킥 포맨 50ml,,,,SR26-BD-BC-P115,검수 필요,https://www.ssg.com/item/itemView.ssg?itemId=0000007469742&siteNo=6001&salestrNo=2037,2026년 6월 10일 오전 10:13,,니베아,4,,일반 제품컷 있음,https://sitem.ssgcdn.com/42/97/46/item/0000007469742_i1_232.jpg,바디케어,,,바디관리,,"훅: 셔츠 입고 지하철을 타면 겨드랑이 쪽이 먼저 신경 쓰이는 계절이 있다. / 문제: 향수를 더 뿌리면 냄새를 덮는 느낌이 나고, 스프레이는 사무실에서 쓰기 부담스럽다. / 각도: 나가기 전 향을 입히는 제품이 아니라 땀 냄새 걱정을 작게 만드는 조용한 위생 루틴으로 말하기 좋다. / 근거: SSG 상품 정보에서 니베아 맨 데오드란트 롤온 쿨킥 포맨 50ml 상품명과 대표 제품 이미지가 확인된다.",보통
불독 센서티브 쉐이브젤 175ml,,,,SR26-BD-SH-P706,검수 필요,https://www.ssg.com/item/itemView.ssg?itemId=1000805676256&siteNo=6004&salestrNo=6005,2026년 6월 10일 오전 10:13,,불독,5,,일반 제품컷 있음,https://sitem.ssgcdn.com/56/62/67/item/1000805676256_i1_232.jpg,체모·면도,,,바디관리,,훅: 아침에 면도하고 나면 턱 밑이 금방 붉어져서 마스크를 벗을 때 더 신경 쓰이는 날이 있다. / 문제: 대충 폼으로 밀면 빠르지만 면도 직후 따가움과 푸석함이 하루 첫인상을 망친다. / 각도: 수염을 없애는 제품보다 면도 후 얼굴이 성나 보이지 않게 만드는 완충 루틴으로 말하기 좋다. / 근거: SSG 상품 정보에서 불독 센서티브 쉐이브젤 175ml 상품명과 단품 중심 대표 이미지가 확인된다.,보통
오브제 모이스처 올인원 로션,,,,SR26-SK-BR-P113,검수 필요,https://m.obge.co.kr/product/%EB%AA%A8%EC%9D%B4%EC%8A%A4%EC%B2%98-%EC%98%AC%EC%9D%B8%EC%9B%90-%EB%A1%9C%EC%85%98/425/,2026년 6월 10일 오후 9:18,,오브제,5,,일반 제품컷 있음,https://cafe24img.poxo.com/obge/web/product/medium/202603/9d3dddaa164db30863e8b0d8361a0921.png,장벽케어,,,피부관리,,"훅: 세수하고 나서 볼은 당기는데 T존은 번들거려서 로션을 대충 넘기는 아침이 있다. / 문제: 아무것도 안 바르면 오후에 각질이 들뜨고, 무거운 크림은 손이 잘 안 간다. / 각도: 여러 병을 늘리는 관리가 아니라 씻고 바로 한 병으로 건조한 티를 줄이는 루틴으로 말하기 좋다. / 근거: 오브제 공식몰에서 모이스처 올인원 로션 상품명, 보습·장벽 케어 설명, 2026년 리뷰가 확인된다.",높음
오브제 내추럴 톤업 로션,,,,SR26-SK-MK-P117,검수 필요,https://m.obge.co.kr/product/%EB%82%B4%EC%B6%94%EB%9F%B4-%ED%86%A4%EC%97%85-%EB%A1%9C%EC%85%98/1559/,2026년 6월 10일 오후 9:18,,오브제,5,,누끼/단독컷 있음,https://cafe24img.poxo.com/obge/web/product/small/202605/e4df2b20c2487b34c851d92d9344a9f9.png,메이크업,,,피부관리,,"훅: 늦게 자고 나온 날 얼굴색이 칙칙한데 파운데이션까지 바르기는 부담스러운 아침이 있다. / 문제: 커버 제품은 티 날까 봐 손이 멈추고, 아무것도 안 바르면 피곤해 보이는 인상이 그대로 남는다. / 각도: 화장했다는 느낌보다 얼굴의 회색기를 덜어내는 출근 전 정리 루틴으로 말하기 좋다. / 근거: 오브제 공식몰에서 내추럴 톤업 로션 상품명, 톤업과 스킨케어 동시 설명, 2026년 출시 이미지가 확인된다.",높음
오브제 액티브 스웨트프루프 선스틱,,,,SR26-SK-SS-P116,검수 필요,https://m.obge.co.kr/product/%EC%95%A1%ED%8B%B0%EB%B8%8C-%EC%8A%A4%EC%9B%A8%ED%8A%B8%ED%94%84%EB%A3%A8%ED%94%84-%EC%84%A0%EC%8A%A4%ED%8B%B1/1460/category/1/display/42/,2026년 6월 10일 오후 9:18,,오브제,5,,누끼/단독컷 있음,https://cafe24img.poxo.com/obge/web/product/small/202603/dfe383e48a03cebaa823ea5e34c60202.png,선케어,,,피부관리,,"훅: 점심에 밖에 나갔다 오면 이마는 번들거리고 선크림을 다시 바를 타이밍은 놓친다. / 문제: 손에 묻혀 바르는 선크림은 사무실 책상 앞에서 꺼내기 번거롭고, 땀 난 얼굴엔 더 답답하다. / 각도: 운동하는 사람 전용이 아니라 외출 중 손 안 대고 자외선 차단을 다시 세우는 휴대 루틴으로 말하기 좋다. / 근거: 오브제 공식몰에서 액티브 스웨트프루프 선스틱 상품명, 땀·물에 강한 아웃도어 선스틱 설명, 리뷰 수가 확인된다.",높음
오브제 맥스 올인원 워시 500ml,,,,SR26-BD-BC-P116,검수 필요,https://m.obge.co.kr/product/%EB%8C%80%EC%9A%A9%EB%9F%89%EA%B0%80%EC%84%B1%EB%B9%84-%EB%A7%A5%EC%8A%A4-%EC%98%AC%EC%9D%B8%EC%9B%90-%EC%9B%8C%EC%8B%9C-500ml/1249/category/1/display/42/,2026년 6월 10일 오후 9:18,,오브제,4,,누끼/단독컷 있음,https://cafe24img.poxo.com/obge/web/product/small/202603/a0ab0e6b2c6e19a63a687330039962f4.png,바디케어,,,바디관리,,"훅: 운동하고 들어와서 샴푸, 바디워시, 폼클렌징을 따로 꺼내다 보면 샤워가 괜히 길어진다. / 문제: 냄새와 땀은 바로 씻어내야 하는데 욕실 루틴이 복잡하면 대충 물로만 넘기기 쉽다. / 각도: 성분을 길게 설명하기보다 머리부터 몸까지 한 번에 씻고 나오는 퇴근 후 리셋 루틴으로 말하기 좋다. / 근거: 오브제 공식몰에서 맥스 올인원 워시 500ml 상품명, 샴푸·바디워시·클렌징폼을 한 번에 끝낸다는 설명, 리뷰 수가 확인된다.",높음
로즈 골드 아이 마스크,SERKAN 실제 콘텐츠 기반 Seed Dataset에서 추가,,,,수집됨,,2026년 6월 14일 오후 11:37,,111스킨,5,,누끼/단독컷 있음,https://sitem.ssgcdn.com/71/32/13/item/1000542133271_i1_1200.jpg,슬로우에이징,,,피부관리,,SERKAN 인스타그램/루틴/제품 추천 콘텐츠에 실제 등장한 제품.,
어성초 카밍 토너,SERKAN 실제 콘텐츠 기반 Seed Dataset에서 추가,,,,수집됨,,2026년 6월 14일 오후 11:37,,아비브,5,,누끼/단독컷 있음,https://sitem.ssgcdn.com/64/97/96/item/1000522969764_i1_1200.jpg,장벽케어,,,피부관리,,SERKAN 인스타그램/루틴/제품 추천 콘텐츠에 실제 등장한 제품.,
어성초 테카 캡슐 세럼,SERKAN 실제 콘텐츠 기반 Seed Dataset에서 추가,,,,수집됨,,2026년 6월 14일 오후 11:37,,아비브,5,,일반 제품컷 있음,https://shopby-images.cdn-nhncommerce.com/Mall-No-51Yj/20250411/111018.570801000/thum_%EC%96%B4%EC%84%B1%EC%B4%88_%EC%84%B8%EB%9F%BC%20%ED%81%AC%EB%A6%BC.jpg,장벽케어,,,피부관리,,SERKAN 인스타그램/루틴/제품 추천 콘텐츠에 실제 등장한 제품.,
레이저베이스 면도기 세척기,SERKAN 실제 콘텐츠 기반 Seed Dataset에서 추가,,,,수집됨,,2026년 6월 14일 오후 11:37,,애비튜드,5,,누끼/단독컷 있음,https://sitem.ssgcdn.com/42/26/40/item/1000286402642_i1_250.jpg,체모·면도,,,위생관리,,SERKAN 인스타그램/루틴/제품 추천 콘텐츠에 실제 등장한 제품.,
APACK 면도날 샘플팩,SERKAN 실제 콘텐츠 기반 Seed Dataset에서 추가,,,,수집됨,,2026년 6월 14일 오후 11:37,,애비튜드,5,,누끼/단독컷 있음,https://sitem.ssgcdn.com/02/73/20/item/1000017207302_i1_1200.jpg,체모·면도,,,위생관리,,SERKAN 인스타그램/루틴/제품 추천 콘텐츠에 실제 등장한 제품.,
저자극 바디로션,SERKAN 실제 콘텐츠 기반 Seed Dataset에서 추가,,,,수집됨,,2026년 6월 14일 오후 11:37,,애이킨,5,,이미지 필요,,바디케어,,,바디관리,,SERKAN 인스타그램/루틴/제품 추천 콘텐츠에 실제 등장한 제품.,
쉐이빙 젤,SERKAN 실제 콘텐츠 기반 Seed Dataset에서 추가,,,,수집됨,,2026년 6월 14일 오후 11:37,,애이킨,5,,누끼/단독컷 있음,https://sitem.ssgcdn.com/42/80/74/item/1000036748042_i1_1200.jpg,체모·면도,,,위생관리,,SERKAN 인스타그램/루틴/제품 추천 콘텐츠에 실제 등장한 제품.,
아토베리어 크림,SERKAN 실제 콘텐츠 기반 Seed Dataset에서 추가,,,,수집됨,,2026년 6월 14일 오후 11:37,,에스트라,5,,누끼/단독컷 있음,https://sitem.ssgcdn.com/99/93/39/item/1000518399399_i1_1200.jpg,장벽케어,,,피부관리,,SERKAN 인스타그램/루틴/제품 추천 콘텐츠에 실제 등장한 제품.,
판테놀 크림,SERKAN 실제 콘텐츠 기반 Seed Dataset에서 추가,,,,수집됨,,2026년 6월 14일 오후 11:37,,아토팜,5,,일반 제품컷 있음,http://newsda.cafe24.com/wysiwyg/PEG/se2_16913845661843.jpg,장벽케어,,,피부관리,,SERKAN 인스타그램/루틴/제품 추천 콘텐츠에 실제 등장한 제품.,
프리미엄 족집게,SERKAN 실제 콘텐츠 기반 Seed Dataset에서 추가,,,,수집됨,,2026년 6월 14일 오후 11:37,,오제르,5,,누끼/단독컷 있음,https://sitem.ssgcdn.com/90/74/40/item/1000612407490_i1_1200.jpg,홈케어,,,위생관리,,SERKAN 인스타그램/루틴/제품 추천 콘텐츠에 실제 등장한 제품.,
더 모스트 원티드,SERKAN 실제 콘텐츠 기반 Seed Dataset에서 추가,,,,수집됨,,2026년 6월 14일 오후 11:37,,아자로,5,,누끼/단독컷 있음,https://ecimg.cafe24img.com/pg928b08826291084/jparkkorea/web/product/big/Azzaro/The%20Most%20Wanted%20Eau%20de%20Parfum%20Intense.jpg,향수,,,스타일관리,,SERKAN 인스타그램/루틴/제품 추천 콘텐츠에 실제 등장한 제품.,
남성 뷰티 플랫폼,SERKAN 실제 콘텐츠 기반 Seed Dataset에서 추가,,,,수집됨,,2026년 6월 14일 오후 11:37,,비그룸,5,,일반 제품컷 있음,https://cdn.sisamagazine.co.kr/news/photo/202509/517961_532844_07.png,의류관리,,,스타일관리,,SERKAN 인스타그램/루틴/제품 추천 콘텐츠에 실제 등장한 제품.,
바이오 콜라겐 겔 토너패드,SERKAN 실제 콘텐츠 기반 Seed Dataset에서 추가,,,,수집됨,,2026년 6월 14일 오후 11:37,,바이오던스,5,,누끼/단독컷 있음,https://sitem.ssgcdn.com/01/44/59/item/1000629594401_i1_1200.jpg,클렌징,,,피부관리,,SERKAN 인스타그램/루틴/제품 추천 콘텐츠에 실제 등장한 제품.,
센시비오 H2O,SERKAN 실제 콘텐츠 기반 Seed Dataset에서 추가,,,,수집됨,,2026년 6월 14일 오후 11:37,,바이오더마,5,,누끼/단독컷 있음,https://sitem.ssgcdn.com/38/92/83/item/1000547839238_i1_1200.jpg,장벽케어,,,피부관리,,SERKAN 인스타그램/루틴/제품 추천 콘텐츠에 실제 등장한 제품.,
공기질 측정기,SERKAN 실제 콘텐츠 기반 Seed Dataset에서 추가,,,,수집됨,,2026년 6월 14일 오후 11:37,,버디,5,,누끼/단독컷 있음,https://ecimg.cafe24img.com/pg1436b64423650080/apollostore/web/product/big/20250307/b5c5f6ecb9fa6646f11e9f4310d6d9d9.png,홈케어,,,공간관리,,SERKAN 인스타그램/루틴/제품 추천 콘텐츠에 실제 등장한 제품.,
눈 세정제,SERKAN 실제 콘텐츠 기반 Seed Dataset에서 추가,,,,수집됨,,2026년 6월 14일 오후 11:37,,블레파졸,5,,누끼/단독컷 있음,https://sitem.ssgcdn.com/98/45/72/item/1000651724598_i1_1200.jpg,홈케어,,,위생관리,,SERKAN 인스타그램/루틴/제품 추천 콘텐츠에 실제 등장한 제품.,
오리지널 페이스 스크럽,SERKAN 실제 콘텐츠 기반 Seed Dataset에서 추가,,,,수집됨,,2026년 6월 14일 오후 11:37,,불독,5,,누끼/단독컷 있음,https://sitem.ssgcdn.com/55/95/02/item/1000532029555_i1_1200.jpg,클렌징,,,피부관리,,SERKAN 인스타그램/루틴/제품 추천 콘텐츠에 실제 등장한 제품.,
오리지널 쉐이빙 젤,SERKAN 실제 콘텐츠 기반 Seed Dataset에서 추가,,,,수집됨,,2026년 6월 14일 오후 11:37,,불독,5,,누끼/단독컷 있음,https://sitem.ssgcdn.com/71/77/59/item/1000597597771_i1_1200.jpg,체모·면도,,,위생관리,,SERKAN 인스타그램/루틴/제품 추천 콘텐츠에 실제 등장한 제품.,
레몬버터 큐티클 크림,SERKAN 실제 콘텐츠 기반 Seed Dataset에서 추가,,,,수집됨,,2026년 6월 14일 오후 11:37,,버츠비,5,,누끼/단독컷 있음,https://sitem.ssgcdn.com/10/25/18/item/1000024182510_i1_1200.jpg,홈케어,,,위생관리,,SERKAN 인스타그램/루틴/제품 추천 콘텐츠에 실제 등장한 제품.,
프로바이오틱스,SERKAN 실제 콘텐츠 기반 Seed Dataset에서 추가,,,,수집됨,,2026년 6월 14일 오후 11:37,,비오케어,5,,누끼/단독컷 있음,https://ecimg.cafe24img.com/pg641b67937891083/sbh2020/web/product/big/20250424/70c603463324ee8d8f6c026974f67edb.jpg,영양제,,,식단관리,,SERKAN 인스타그램/루틴/제품 추천 콘텐츠에 실제 등장한 제품.,
유기농 버진 코코넛 오일,SERKAN 실제 콘텐츠 기반 Seed Dataset에서 추가,,,,수집됨,,2026년 6월 14일 오후 11:37,,캘리포니아 골드 뉴트리션,5,,누끼/단독컷 있음,https://sitem.ssgcdn.com/63/61/09/item/1000520096163_i1_1100.jpg,영양제,,,식단관리,,SERKAN 인스타그램/루틴/제품 추천 콘텐츠에 실제 등장한 제품.,
오리지널 애프터쉐이브,SERKAN 실제 콘텐츠 기반 Seed Dataset에서 추가,,,,수집됨,,2026년 6월 14일 오후 11:37,,클럽맨 피노드,5,,누끼/단독컷 있음,https://sitem.ssgcdn.com/08/03/31/item/1000060310308_i1_1200.jpg,체모·면도,,,위생관리,,SERKAN 인스타그램/루틴/제품 추천 콘텐츠에 실제 등장한 제품.,
LPP 산성 샴푸,SERKAN 실제 콘텐츠 기반 Seed Dataset에서 추가,,,,수집됨,,2026년 6월 14일 오후 11:37,,코아르,5,,누끼/단독컷 있음,https://sitem.ssgcdn.com/47/89/96/item/1000517968947_i1_1100.jpg,헤어케어,,,위생관리,,SERKAN 인스타그램/루틴/제품 추천 콘텐츠에 실제 등장한 제품.,
6 펩타이드 스킨 부스터,SERKAN 실제 콘텐츠 기반 Seed Dataset에서 추가,,,,수집됨,,2026년 6월 14일 오후 11:37,,코스알엑스,5,,누끼/단독컷 있음,https://images-kr.amoremall.com/products/001281000047/001281000047_01.jpg?1751529609192,슬로우에이징,,,피부관리,,SERKAN 인스타그램/루틴/제품 추천 콘텐츠에 실제 등장한 제품.,
펩타이드 세럼,SERKAN 실제 콘텐츠 기반 Seed Dataset에서 추가,,,,수집됨,,2026년 6월 14일 오후 11:37,,코스알엑스,5,,누끼/단독컷 있음,https://images-kr.amoremall.com/products/001281000047/001281000047_01.jpg?1751529609192,슬로우에이징,,,피부관리,,SERKAN 인스타그램/루틴/제품 추천 콘텐츠에 실제 등장한 제품.,
살리실산 BHA 세럼,SERKAN 실제 콘텐츠 기반 Seed Dataset에서 추가,,,,수집됨,,2026년 6월 14일 오후 11:37,,코스드바하,5,,누끼/단독컷 있음,https://sitem.ssgcdn.com/95/74/41/item/1000517417495_i1_250.jpg,클렌징,,,피부관리,,SERKAN 인스타그램/루틴/제품 추천 콘텐츠에 실제 등장한 제품.,
더마쿨러,SERKAN 실제 콘텐츠 기반 Seed Dataset에서 추가,,,,수집됨,,2026년 6월 14일 오후 11:37,,큐어소나,5,,누끼/단독컷 있음,https://sitem.ssgcdn.com/76/50/21/item/1000209215076_i1_250.jpg,홈케어디바이스,,,피부관리,,SERKAN 인스타그램/루틴/제품 추천 콘텐츠에 실제 등장한 제품.,
판테놀 크림,SERKAN 실제 콘텐츠 기반 Seed Dataset에서 추가,,,,수집됨,,2026년 6월 14일 오후 11:37,,디판테놀,5,,누끼/단독컷 있음,https://ahohaw.cafe24.com/web/product/big/202408/123a913c9c4b6edb41f1a8187277b72a.jpg,장벽케어,,,피부관리,,SERKAN 인스타그램/루틴/제품 추천 콘텐츠에 실제 등장한 제품.,
흉터 연고,SERKAN 실제 콘텐츠 기반 Seed Dataset에서 추가,,,,수집됨,,2026년 6월 14일 오후 11:37,,더마틱스,5,,누끼/단독컷 있음,https://sitem.ssgcdn.com/86/04/06/item/1000640060486_i1_1200.jpg,홈케어,,,위생관리,,SERKAN 인스타그램/루틴/제품 추천 콘텐츠에 실제 등장한 제품.,
100% 퓨어 호호바 오일,SERKAN 실제 콘텐츠 기반 Seed Dataset에서 추가,,,,수집됨,,2026년 6월 14일 오후 11:37,,데저트 에센스,5,,누끼/단독컷 있음,https://sitem.ssgcdn.com/42/06/02/item/1000604020642_i1_1100.jpg,장벽케어,,,피부관리,,SERKAN 인스타그램/루틴/제품 추천 콘텐츠에 실제 등장한 제품.,
라이터 키링,SERKAN 실제 콘텐츠 기반 Seed Dataset에서 추가,,,,수집됨,,2026년 6월 14일 오후 11:37,,디키즈,5,,누끼/단독컷 있음,https://ecimg.cafe24img.com/pg529b91111552052/alavague0/web/product/small/20251128/7600bbe5903972d35b3d5ef03c6e89e6.jpg,의류관리,,,스타일관리,,SERKAN 인스타그램/루틴/제품 추천 콘텐츠에 실제 등장한 제품.,
향수,SERKAN 실제 콘텐츠 기반 Seed Dataset에서 추가,,,,수집됨,,2026년 6월 14일 오후 11:37,,디올,5,,누끼/단독컷 있음,https://sitem.ssgcdn.com/52/42/96/item/1000518964252_i1_1200.jpg,향수,,,스타일관리,,SERKAN 인스타그램/루틴/제품 추천 콘텐츠에 실제 등장한 제품.,
락토인 2% 더마 부스터 앰플,SERKAN 실제 콘텐츠 기반 Seed Dataset에서 추가,,,,수집됨,,2026년 6월 14일 오후 11:37,,디엠씨케이,5,,누끼/단독컷 있음,https://ecimg.cafe24img.com/pg1464b05674690062/homemode/web/product/big/20250908/b7a91832ec3c6d03b2d02114199e96ae.jpg,장벽케어,,,피부관리,,SERKAN 인스타그램/루틴/제품 추천 콘텐츠에 실제 등장한 제품.,
액토인 2% 더마 부스터 앰플,SERKAN 실제 콘텐츠 기반 Seed Dataset에서 추가,,,,수집됨,,2026년 6월 14일 오후 11:37,,디엠씨케이,5,,누끼/단독컷 있음,https://ecimg.cafe24img.com/pg1464b05674690062/homemode/web/product/big/20250908/b7a91832ec3c6d03b2d02114199e96ae.jpg,장벽케어,,,피부관리,,SERKAN 인스타그램/루틴/제품 추천 콘텐츠에 실제 등장한 제품.,
블랙 스네일 크림,SERKAN 실제 콘텐츠 기반 Seed Dataset에서 추가,,,,수집됨,,2026년 6월 14일 오후 11:37,,닥터지,5,,누끼/단독컷 있음,https://sitem.ssgcdn.com/50/62/62/item/1000559626250_i1_1100.jpg,슬로우에이징,,,피부관리,,SERKAN 인스타그램/루틴/제품 추천 콘텐츠에 실제 등장한 제품.,
메디 UV 울트라 선,SERKAN 실제 콘텐츠 기반 Seed Dataset에서 추가,,,,수집됨,,2026년 6월 14일 오후 11:37,,닥터지,5,,누끼/단독컷 있음,https://sitem.ssgcdn.com/05/31/30/item/1000022303105_i1_1200.jpg,선케어,,,피부관리,,SERKAN 인스타그램/루틴/제품 추천 콘텐츠에 실제 등장한 제품.,
가죽관리 세트,SERKAN 실제 콘텐츠 기반 Seed Dataset에서 추가,,,,수집됨,,2026년 6월 14일 오후 11:37,,닥터마틴,5,,누끼/단독컷 있음,https://sitem.ssgcdn.com/09/30/62/item/1000593623009_i1_1200.jpg,의류관리,,,스타일관리,,SERKAN 인스타그램/루틴/제품 추천 콘텐츠에 실제 등장한 제품.,
이지에프 연고,SERKAN 실제 콘텐츠 기반 Seed Dataset에서 추가,,,,수집됨,,2026년 6월 14일 오후 11:37,,이지에프,5,,누끼/단독컷 있음,https://mirpharma.net/cdn/shop/files/001_25_874451ae-4ad4-466c-947d-2b22bacd1451.png?v=1739163444&width=1946,홈케어,,,위생관리,,SERKAN 인스타그램/루틴/제품 추천 콘텐츠에 실제 등장한 제품.,
에크린겔,SERKAN 실제 콘텐츠 기반 Seed Dataset에서 추가,,,,수집됨,,2026년 6월 14일 오후 11:37,,에크린겔,5,,누끼/단독컷 있음,https://ecimg.cafe24img.com/pg853b60831541018/notaly/web/product/big/20241202/9424641131ee04835d47decfa0264dc5.jpg,홈케어,,,위생관리,,SERKAN 인스타그램/루틴/제품 추천 콘텐츠에 실제 등장한 제품.,
큐티클 니퍼,SERKAN 실제 콘텐츠 기반 Seed Dataset에서 추가,,,,수집됨,,2026년 6월 14일 오후 11:37,,필리밀리,5,,누끼/단독컷 있음,https://cdn.shopify.com/s/files/1/1358/5943/files/thumb1_e7c5be09-fd80-4adb-910a-2e86b78e4472_1024x1024.jpg?v=1683231375,홈케어,,,위생관리,,SERKAN 인스타그램/루틴/제품 추천 콘텐츠에 실제 등장한 제품.,
쿨링 냉매 마사지기,SERKAN 실제 콘텐츠 기반 Seed Dataset에서 추가,,,,수집됨,,2026년 6월 14일 오후 11:37,,필리밀리,5,,누끼/단독컷 있음,https://cdn.shopify.com/s/files/1/1358/5943/files/thumb1_e5c50dbb-5165-4ab3-951a-129445a4341a_1024x1024.jpg?v=1683823536,홈케어디바이스,,,피부관리,,SERKAN 인스타그램/루틴/제품 추천 콘텐츠에 실제 등장한 제품.,
PDRN 앰플,SERKAN 실제 콘텐츠 기반 Seed Dataset에서 추가,,,,수집됨,,2026년 6월 14일 오후 11:37,,제나벨,5,,누끼/단독컷 있음,https://sitem.ssgcdn.com/73/73/89/item/1000592897373_i1_1100.jpg,슬로우에이징,,,피부관리,,SERKAN 인스타그램/루틴/제품 추천 콘텐츠에 실제 등장한 제품.,
파우더 기름종이,SERKAN 실제 콘텐츠 기반 Seed Dataset에서 추가,,,,수집됨,,2026년 6월 14일 오후 11:37,,갸스비,5,,일반 제품컷 있음,https://www.lotteginza.jp/storage/lotteauKR/www/prefix/product/2024/16/O/product.2583.171341749287099.JPG,홈케어,,,피부관리,,SERKAN 인스타그램/루틴/제품 추천 콘텐츠에 실제 등장한 제품.,
MOD Timer,SERKAN 실제 콘텐츠 기반 Seed Dataset에서 추가,,,,수집됨,,2026년 6월 14일 오후 11:37,,구글,5,,누끼/단독컷 있음,https://sitem.ssgcdn.com/86/69/23/item/1000054236986_i1_1200.jpg,홈케어,,,공간관리,,SERKAN 인스타그램/루틴/제품 추천 콘텐츠에 실제 등장한 제품.,
복서 드로즈,SERKAN 실제 콘텐츠 기반 Seed Dataset에서 추가,,,,수집됨,,2026년 6월 14일 오후 11:37,,휴고 보스,5,,누끼/단독컷 있음,https://images.hugoboss.com/is/image/boss/hbeu50532559_979_100?%24large%24=&align=1%2C1&bgcolor=ebebeb&fit=crop%2C1&lastModified=1773845563000,의류관리,,,스타일관리,,SERKAN 인스타그램/루틴/제품 추천 콘텐츠에 실제 등장한 제품.,
컬러 립밤,SERKAN 실제 콘텐츠 기반 Seed Dataset에서 추가,,,,수집됨,,2026년 6월 14일 오후 11:37,,아이디얼 포 맨,5,,누끼/단독컷 있음,https://sitem.ssgcdn.com/62/89/91/item/0000007918962_i1_1200.jpg,립케어,,,피부관리,,SERKAN 인스타그램/루틴/제품 추천 콘텐츠에 실제 등장한 제품.,
레티놀 그린티 PDRN 앰플,SERKAN 실제 콘텐츠 기반 Seed Dataset에서 추가,,,,수집됨,,2026년 6월 14일 오후 11:37,,이니스프리,5,,누끼/단독컷 있음,https://sitem.ssgcdn.com/96/40/01/item/2097002014096_i1_1200.jpg,슬로우에이징,,,피부관리,,SERKAN 인스타그램/루틴/제품 추천 콘텐츠에 실제 등장한 제품.,
비타민C 엑스퍼트,SERKAN 실제 콘텐츠 기반 Seed Dataset에서 추가,,,,수집됨,,2026년 6월 14일 오후 11:37,,아이오페,5,,누끼/단독컷 있음,https://cdn.shopify.com/s/files/1/0645/2569/7252/products/IOPESuperVitalValueSet.png?v=1661585276&width=1946,슬로우에이징,,,피부관리,,SERKAN 인스타그램/루틴/제품 추천 콘텐츠에 실제 등장한 제품.,
블레미쉬 케어 마스크,SERKAN 실제 콘텐츠 기반 Seed Dataset에서 추가,,,,수집됨,,2026년 6월 14일 오후 11:37,,아이소이,5,,누끼/단독컷 있음,https://sitem.ssgcdn.com/84/90/18/item/1000538189084_i1_1200.jpg,슬로우에이징,,,피부관리,,SERKAN 인스타그램/루틴/제품 추천 콘텐츠에 실제 등장한 제품.,
디 판테놀 베리어 수딩 세럼,SERKAN 실제 콘텐츠 기반 Seed Dataset에서 추가,,,,수집됨,,2026년 6월 14일 오후 11:37,,주미소,5,,누끼/단독컷 있음,https://shopby-images.cdn-nhncommerce.com/20250106/120008.535370000/%EC%96%B4%EC%84%B1%EC%B4%88_%EC%84%B8%EB%9F%BC_%EC%A0%9C%ED%92%88%EC%BB%B7.jpg,장벽케어,,,피부관리,,SERKAN 인스타그램/루틴/제품 추천 콘텐츠에 실제 등장한 제품.,
판테놀 수딩 세럼,SERKAN 실제 콘텐츠 기반 Seed Dataset에서 추가,,,,수집됨,,2026년 6월 14일 오후 11:37,,주미소,5,,누끼/단독컷 있음,https://shopby-images.cdn-nhncommerce.com/20250106/120008.535370000/%EC%96%B4%EC%84%B1%EC%B4%88_%EC%84%B8%EB%9F%BC_%EC%A0%9C%ED%92%88%EC%BB%B7.jpg,장벽케어,,,피부관리,,SERKAN 인스타그램/루틴/제품 추천 콘텐츠에 실제 등장한 제품.,
시카플라스트 밤 B5+,SERKAN 실제 콘텐츠 기반 Seed Dataset에서 추가,,,,수집됨,,2026년 6월 14일 오후 11:37,,라로슈포제,5,,누끼/단독컷 있음,https://tegut014.cdn-nhncommerce.com/data/goods/23/06/26/1000019446/1000019446_detail_044.jpg,장벽케어,,,피부관리,,SERKAN 인스타그램/루틴/제품 추천 콘텐츠에 실제 등장한 제품.,
히알루 세럼,SERKAN 실제 콘텐츠 기반 Seed Dataset에서 추가,,,,수집됨,,2026년 6월 14일 오후 11:37,,라로슈포제,5,,누끼/단독컷 있음,https://sitem.ssgcdn.com/88/58/40/item/1000521405888_i1_1200.jpg,장벽케어,,,피부관리,,SERKAN 인스타그램/루틴/제품 추천 콘텐츠에 실제 등장한 제품.,
프리미엄 니치 향수,SERKAN 실제 콘텐츠 기반 Seed Dataset에서 추가,,,,수집됨,,2026년 6월 14일 오후 11:37,,라에르,5,,일반 제품컷 있음,https://sitem.ssgcdn.com/21/68/69/item/1000569696821_i1_1200.jpg,향수,,,스타일관리,,SERKAN 인스타그램/루틴/제품 추천 콘텐츠에 실제 등장한 제품.,
패츌리 24,SERKAN 실제 콘텐츠 기반 Seed Dataset에서 추가,,,,수집됨,,2026년 6월 14일 오후 11:37,,르 라보,5,,누끼/단독컷 있음,https://legendshoplb.com/cdn/shop/files/E13379B4-0BA8-4967-A439-B136CFA92190.jpg?v=1756750649,향수,,,스타일관리,,SERKAN 인스타그램/루틴/제품 추천 콘텐츠에 실제 등장한 제품.,
EVO 화이트노이즈 머신,SERKAN 실제 콘텐츠 기반 Seed Dataset에서 추가,,,,수집됨,,2026년 6월 14일 오후 11:37,,렉트로팬,5,,누끼/단독컷 있음,https://www.soundofsleep.com/wp-content/uploads/2023/04/EVO_600d.jpg,수면관리,,,수면관리,,SERKAN 인스타그램/루틴/제품 추천 콘텐츠에 실제 등장한 제품.,
글라이신,SERKAN 실제 콘텐츠 기반 Seed Dataset에서 추가,,,,수집됨,,2026년 6월 14일 오후 11:37,,라이프 익스텐션,5,,누끼/단독컷 있음,https://cdn.shopify.com/s/files/1/0324/5080/5892/products/Glycine1000mg02_1600x.jpg?v=1614124146,영양제,,,식단관리,,SERKAN 인스타그램/루틴/제품 추천 콘텐츠에 실제 등장한 제품.,
레티놀 A 크림,SERKAN 실제 콘텐츠 기반 Seed Dataset에서 추가,,,,수집됨,,2026년 6월 14일 오후 11:37,,라이프플로,5,,누끼/단독컷 있음,https://sitem.ssgcdn.com/02/03/44/item/1000524440302_i1_1200.jpg,슬로우에이징,,,피부관리,,SERKAN 인스타그램/루틴/제품 추천 콘텐츠에 실제 등장한 제품.,
쿨민트 스틱 가글,SERKAN 실제 콘텐츠 기반 Seed Dataset에서 추가,,,,수집됨,,2026년 6월 14일 오후 11:37,,립클리어,5,,누끼/단독컷 있음,https://thumbnail.coupangcdn.com/thumbnails/remote/492x492ex/image/vendor_inventory/bcc0/b5b8f142b5fa0c63b893bdd5e3570cc274c4036adbd706365c2d3de56008.jpg,홈케어,,,위생관리,,SERKAN 인스타그램/루틴/제품 추천 콘텐츠에 실제 등장한 제품.,
더블 롤러,SERKAN 실제 콘텐츠 기반 Seed Dataset에서 추가,,,,수집됨,,2026년 6월 14일 오후 11:37,,룰루레몬,5,,일반 제품컷 있음,https://sitem.ssgcdn.com/73/63/77/item/1000603776373_i1_1200.jpg,운동회복,,,바디관리,,SERKAN 인스타그램/루틴/제품 추천 콘텐츠에 실제 등장한 제품.,
세일링 데이,SERKAN 실제 콘텐츠 기반 Seed Dataset에서 추가,,,,수집됨,,2026년 6월 14일 오후 11:37,,메종 마르지엘라,5,,누끼/단독컷 있음,https://sitem.ssgcdn.com/13/03/52/item/1000083520313_i1_1200.jpg,향수,,,스타일관리,,SERKAN 인스타그램/루틴/제품 추천 콘텐츠에 실제 등장한 제품.,
마데카솔,SERKAN 실제 콘텐츠 기반 Seed Dataset에서 추가,,,,수집됨,,2026년 6월 14일 오후 11:37,,마데카솔,5,,누끼/단독컷 있음,https://cdn.shopify.com/s/files/1/0592/0371/5230/products/sanofi-madecassol-polvo-5g_1800x.png?v=1638889507,홈케어,,,위생관리,,SERKAN 인스타그램/루틴/제품 추천 콘텐츠에 실제 등장한 제품.,
제로 모공 패드,SERKAN 실제 콘텐츠 기반 Seed Dataset에서 추가,,,,수집됨,,2026년 6월 14일 오후 11:37,,메디큐브,5,,일반 제품컷 있음,http://smkoreabeauty.com/cdn/shop/files/2.0.webp?v=1759476414,클렌징,,,피부관리,,SERKAN 인스타그램/루틴/제품 추천 콘텐츠에 실제 등장한 제품.,
부스터 프로,SERKAN 실제 콘텐츠 기반 Seed Dataset에서 추가,,,,수집됨,,2026년 6월 14일 오후 11:37,,메디큐브,5,,일반 제품컷 있음,https://d1flfk77wl2xk4.cloudfront.net/Assets/22/164/XXL_p0212216422.png,홈케어디바이스,,,피부관리,,SERKAN 인스타그램/루틴/제품 추천 콘텐츠에 실제 등장한 제품.,
하이포커스 샷,SERKAN 실제 콘텐츠 기반 Seed Dataset에서 추가,,,,수집됨,,2026년 6월 14일 오후 11:38,,메디큐브,5,,일반 제품컷 있음,https://cdn.shopify.com/s/files/1/0668/0022/2505/files/527364898051392424_efb34539-8a0d-43b4-bc08-371ffaf6c3be.jpg?v=1739518674&width=960&height=1120&crop=center,홈케어디바이스,,,피부관리,,SERKAN 인스타그램/루틴/제품 추천 콘텐츠에 실제 등장한 제품.,
진동 클렌저,SERKAN 실제 콘텐츠 기반 Seed Dataset에서 추가,,,,수집됨,,2026년 6월 14일 오후 11:38,,메디큐브,5,,누끼/단독컷 있음,https://themedicube.co.kr/web/product/extra/big/202508/cd20fb851a4cbd507fa65a8c7fe5e4dc.jpg,홈케어디바이스,,,피부관리,,SERKAN 인스타그램/루틴/제품 추천 콘텐츠에 실제 등장한 제품.,
듀오덤 엑스트라씬,SERKAN 실제 콘텐츠 기반 Seed Dataset에서 추가,,,,수집됨,,2026년 6월 14일 오후 11:38,,메디폼,5,,누끼/단독컷 있음,https://sitem.ssgcdn.com/76/31/82/item/1000562823176_i1_1100.jpg,홈케어,,,위생관리,,SERKAN 인스타그램/루틴/제품 추천 콘텐츠에 실제 등장한 제품.,
듀얼액션,SERKAN 실제 콘텐츠 기반 Seed Dataset에서 추가,,,,수집됨,,2026년 6월 14일 오후 11:38,,메디폼,5,,누끼/단독컷 있음,https://sitem.ssgcdn.com/92/62/96/item/1000517966292_i1_1100.jpg,장벽케어,,,피부관리,,SERKAN 인스타그램/루틴/제품 추천 콘텐츠에 실제 등장한 제품.,
습윤밴드 롤,SERKAN 실제 콘텐츠 기반 Seed Dataset에서 추가,,,,수집됨,,2026년 6월 14일 오후 11:38,,메디랩,5,,누끼/단독컷 있음,https://sitem.ssgcdn.com/33/35/22/item/1000538223533_i1_1200.jpg,홈케어,,,위생관리,,SERKAN 인스타그램/루틴/제품 추천 콘텐츠에 실제 등장한 제품.,
세라믹 괄사,SERKAN 실제 콘텐츠 기반 Seed Dataset에서 추가,,,,수집됨,,2026년 6월 14일 오후 11:38,,밀크터치,5,,누끼/단독컷 있음,https://sitem.ssgcdn.com/08/20/31/item/1000441312008_i1_1200.jpg,홈케어디바이스,,,피부관리,,SERKAN 인스타그램/루틴/제품 추천 콘텐츠에 실제 등장한 제품.,
위클리 다이어리,SERKAN 실제 콘텐츠 기반 Seed Dataset에서 추가,,,,수집됨,,2026년 6월 14일 오후 11:38,,몰스킨,5,,누끼/단독컷 있음,https://contents.kyobobook.co.kr/sih/fit-in/600x0/gift/pdt/1664/S1619420504565.jpg,홈케어,,,공간관리,,SERKAN 인스타그램/루틴/제품 추천 콘텐츠에 실제 등장한 제품.,
상탈 크림 바디워시,SERKAN 실제 콘텐츠 기반 Seed Dataset에서 추가,,,,수집됨,,2026년 6월 14일 오후 11:38,,논픽션,5,,누끼/단독컷 있음,https://is4.fwrdassets.com/images/p/fw/45/NONF-WU1_V1.jpg,바디케어,,,바디관리,,SERKAN 인스타그램/루틴/제품 추천 콘텐츠에 실제 등장한 제품.,
노스카나겔,SERKAN 실제 콘텐츠 기반 Seed Dataset에서 추가,,,,수집됨,,2026년 6월 14일 오후 11:38,,노스카나,5,,일반 제품컷 있음,https://lzd-img-global.slatic.net/g/p/02dc2e889e7cf0488f605a45b674d26f.jpg_720x720q80.jpg,홈케어,,,위생관리,,SERKAN 인스타그램/루틴/제품 추천 콘텐츠에 실제 등장한 제품.,
Zinc,SERKAN 실제 콘텐츠 기반 Seed Dataset에서 추가,,,,수집됨,,2026년 6월 14일 오후 11:38,,나우푸드,5,,누끼/단독컷 있음,https://sitem.ssgcdn.com/06/40/53/item/1000068534006_i1_1200.jpg,영양제,,,식단관리,,SERKAN 인스타그램/루틴/제품 추천 콘텐츠에 실제 등장한 제품.,
Magnesium Glycinate,SERKAN 실제 콘텐츠 기반 Seed Dataset에서 추가,,,,수집됨,,2026년 6월 14일 오후 11:38,,나우푸드,5,,누끼/단독컷 있음,https://ecimg.cafe24img.com/pg785b77321318020/nowfoodkorea/web/product/medium/20240430/e99cf4abcbea80ec6143466258d63ae6.jpg,영양제,,,식단관리,,SERKAN 인스타그램/루틴/제품 추천 콘텐츠에 실제 등장한 제품.,
Potassium Citrate,SERKAN 실제 콘텐츠 기반 Seed Dataset에서 추가,,,,수집됨,,2026년 6월 14일 오후 11:38,,나우푸드,5,,누끼/단독컷 있음,https://sitem.ssgcdn.com/45/25/23/item/1000540232545_i1_1200.jpg,영양제,,,식단관리,,SERKAN 인스타그램/루틴/제품 추천 콘텐츠에 실제 등장한 제품.,
iO2 전동칫솔,SERKAN 실제 콘텐츠 기반 Seed Dataset에서 추가,,,,수집됨,,2026년 6월 14일 오후 11:38,,오랄비,5,,누끼/단독컷 있음,https://sitem.ssgcdn.com/39/13/15/item/1000525151339_i1_1200.jpg,홈케어,,,위생관리,,SERKAN 인스타그램/루틴/제품 추천 콘텐츠에 실제 등장한 제품.,
ER-GK80 바디트리머,SERKAN 실제 콘텐츠 기반 Seed Dataset에서 추가,,,,수집됨,,2026년 6월 14일 오후 11:38,,파나소닉,5,,누끼/단독컷 있음,https://sitem.ssgcdn.com/22/58/78/item/1000623785822_i1_1200.jpg,체모·면도,,,위생관리,,SERKAN 인스타그램/루틴/제품 추천 콘텐츠에 실제 등장한 제품.,
시그니처 BHA 리퀴드,SERKAN 실제 콘텐츠 기반 Seed Dataset에서 추가,,,,수집됨,,2026년 6월 14일 오후 11:38,,폴라초이스,5,,누끼/단독컷 있음,https://m.media-amazon.com/images/I/61RHq4MT34L._SL1500_.jpg,클렌징,,,피부관리,,SERKAN 인스타그램/루틴/제품 추천 콘텐츠에 실제 등장한 제품.,
시그니처 바하 리퀴드,SERKAN 실제 콘텐츠 기반 Seed Dataset에서 추가,,,,수집됨,,2026년 6월 14일 오후 11:38,,팔라시스,5,,누끼/단독컷 있음,https://sitem.ssgcdn.com/73/36/38/item/1000498383673_i1_1200.jpg,장벽케어,,,피부관리,,SERKAN 인스타그램/루틴/제품 추천 콘텐츠에 실제 등장한 제품.,
무선 구강세정기,SERKAN 실제 콘텐츠 기반 Seed Dataset에서 추가,,,,수집됨,,2026년 6월 14일 오후 11:38,,필립스,5,,누끼/단독컷 있음,https://sitem.ssgcdn.com/35/16/35/item/1000411351635_i1_1200.jpg,홈케어,,,위생관리,,SERKAN 인스타그램/루틴/제품 추천 콘텐츠에 실제 등장한 제품.,
AI 리페어 로션,SERKAN 실제 콘텐츠 기반 Seed Dataset에서 추가,,,,수집됨,,2026년 6월 14일 오후 11:38,,피지오겔,5,,누끼/단독컷 있음,https://sitem.ssgcdn.com/69/62/38/item/1000053386269_i1_1200.jpg,장벽케어,,,피부관리,,SERKAN 인스타그램/루틴/제품 추천 콘텐츠에 실제 등장한 제품.,
131 파운데이션 브러쉬,SERKAN 실제 콘텐츠 기반 Seed Dataset에서 추가,,,,수집됨,,2026년 6월 14일 오후 11:38,,피카소,5,,누끼/단독컷 있음,https://images-kr.amoremall.com/products/000511000036/000511000036_01.png?1545035507825&1545035507828,메이크업,,,스타일관리,,SERKAN 인스타그램/루틴/제품 추천 콘텐츠에 실제 등장한 제품.,
눈썹칼,SERKAN 실제 콘텐츠 기반 Seed Dataset에서 추가,,,,수집됨,,2026년 6월 14일 오후 11:38,,피카소,5,,누끼/단독컷 있음,https://sitem.ssgcdn.com/43/66/54/item/1000298546643_i1_1200.jpg,홈케어,,,위생관리,,SERKAN 인스타그램/루틴/제품 추천 콘텐츠에 실제 등장한 제품.,
무게조절 덤벨,SERKAN 실제 콘텐츠 기반 Seed Dataset에서 추가,,,,수집됨,,2026년 6월 14일 오후 11:38,,파워블록,5,,누끼/단독컷 있음,https://sitem.ssgcdn.com/53/96/51/item/1000534519653_i1_1200.jpg,운동회복,,,바디관리,,SERKAN 인스타그램/루틴/제품 추천 콘텐츠에 실제 등장한 제품.,
Re-Nylon Bucket Hat,SERKAN 실제 콘텐츠 기반 Seed Dataset에서 추가,,,,수집됨,,2026년 6월 14일 오후 11:38,,프라다,5,,일반 제품컷 있음,https://www.prada.com/content/dam/pradabkg_products/2/2HC/2HC137/2DMIF0009/2HC137_2DMI_F0009_SLF.jpg/_jcr_content/renditions/cq5dam.web.hebebed.1800.1800.jpg,의류관리,,,스타일관리,,SERKAN 인스타그램/루틴/제품 추천 콘텐츠에 실제 등장한 제품.,
무드등,SERKAN 실제 콘텐츠 기반 Seed Dataset에서 추가,,,,수집됨,,2026년 6월 14일 오후 11:38,,랙슨,5,,일반 제품컷 있음,https://ecimg.cafe24img.com/pg1930b45592791062/onsmb/web/product/big/product5.jpg,홈케어,,,공간관리,,SERKAN 인스타그램/루틴/제품 추천 콘텐츠에 실제 등장한 제품.,
RB4436D 선글라스,SERKAN 실제 콘텐츠 기반 Seed Dataset에서 추가,,,,수집됨,,2026년 6월 14일 오후 11:38,,레이밴,5,,누끼/단독컷 있음,https://ecimg.cafe24img.com/pg1630b14785933088/glasscode24/web/product/big/20250418/9d30d9b38ed319c6c4f968469971a2d2.jpg,의류관리,,,스타일관리,,SERKAN 인스타그램/루틴/제품 추천 콘텐츠에 실제 등장한 제품.,
스테인리스 혀클리너,SERKAN 실제 콘텐츠 기반 Seed Dataset에서 추가,,,,수집됨,,2026년 6월 14일 오후 11:38,,리브러쉬,5,,누끼/단독컷 있음,https://sitem.ssgcdn.com/42/57/52/item/1000307525742_i1_1200.jpg,홈케어,,,위생관리,,SERKAN 인스타그램/루틴/제품 추천 콘텐츠에 실제 등장한 제품.,
독도 토너,SERKAN 실제 콘텐츠 기반 Seed Dataset에서 추가,,,,수집됨,,2026년 6월 14일 오후 11:38,,라운드랩,5,,누끼/단독컷 있음,https://sitem.ssgcdn.com/60/61/62/item/1000546626160_i1_1100.jpg,장벽케어,,,피부관리,,SERKAN 인스타그램/루틴/제품 추천 콘텐츠에 실제 등장한 제품.,
약콩 판테놀 토너,SERKAN 실제 콘텐츠 기반 Seed Dataset에서 추가,,,,수집됨,,2026년 6월 14일 오후 11:38,,라운드랩,5,,누끼/단독컷 있음,https://sitem.ssgcdn.com/05/05/12/item/1000566120505_i1_1100.jpg,장벽케어,,,피부관리,,SERKAN 인스타그램/루틴/제품 추천 콘텐츠에 실제 등장한 제품.,
아쿠아 오아시스 젤크림,SERKAN 실제 콘텐츠 기반 Seed Dataset에서 추가,,,,수집됨,,2026년 6월 14일 오후 11:38,,에스네이처,5,,이미지 필요,,장벽케어,,,피부관리,,SERKAN 인스타그램/루틴/제품 추천 콘텐츠에 실제 등장한 제품.,
괄사 세트,SERKAN 실제 콘텐츠 기반 Seed Dataset에서 추가,,,,수집됨,,2026년 6월 14일 오후 11:38,,센녹,5,,일반 제품컷 있음,https://ecimg.cafe24img.com/pg196b68210047083/safecarearoma/web/product/big/20241221/954420bd1ea7bf6eaeb24b95356c20b1.png,홈케어디바이스,,,피부관리,,SERKAN 인스타그램/루틴/제품 추천 콘텐츠에 실제 등장한 제품.,
프로바이오시카 에센스 토너,SERKAN 실제 콘텐츠 기반 Seed Dataset에서 추가,,,,수집됨,,2026년 6월 14일 오후 11:38,,스킨1004,5,,누끼/단독컷 있음,https://www.skin1004.com/cdn/shop/files/skin1004-toner-210-ml-probio-cica-essence-toner-40032155336950.png?v=1709706722,장벽케어,,,피부관리,,SERKAN 인스타그램/루틴/제품 추천 콘텐츠에 실제 등장한 제품.,
텀블러,SERKAN 실제 콘텐츠 기반 Seed Dataset에서 추가,,,,수집됨,,2026년 6월 14일 오후 11:38,,스타벅스 × 프래그먼트,5,,일반 제품컷 있음,https://kream-phinf.pstatic.net/MjAyNDAxMzFfOTgg/MDAxNzA2NjgzODQ1NTAw.yVlYUrIr2l4PeNwwk8bxdsBkSsNV1y84H_fWVhZ7QdAg.hcTcBUFph5BFbMDwxI0tYToSA3TBxIr14cOvVBmCFOEg.JPEG/a_d9cc00b1999d4587b5ff62992302008a.jpg,홈케어,,,공간관리,,SERKAN 인스타그램/루틴/제품 추천 콘텐츠에 실제 등장한 제품.,
스펀지 치실,SERKAN 실제 콘텐츠 기반 Seed Dataset에서 추가,,,,수집됨,,2026년 6월 14일 오후 11:38,,시스테마,5,,누끼/단독컷 있음,https://sitem.ssgcdn.com/11/58/19/item/1000529195811_i1_1200.jpg,홈케어,,,위생관리,,SERKAN 인스타그램/루틴/제품 추천 콘텐츠에 실제 등장한 제품.,
퍼퓸 캔들,SERKAN 실제 콘텐츠 기반 Seed Dataset에서 추가,,,,수집됨,,2026년 6월 14일 오후 11:38,,탬버린즈,5,,누끼/단독컷 있음,https://sitem.ssgcdn.com/23/79/48/item/1000567487923_i1_1100.jpg,향수,,,스타일관리,,SERKAN 인스타그램/루틴/제품 추천 콘텐츠에 실제 등장한 제품.,
에르고플러스 베개,SERKAN 실제 콘텐츠 기반 Seed Dataset에서 추가,,,,수집됨,,2026년 6월 14일 오후 11:38,,템퍼,5,,누끼/단독컷 있음,https://sitem.ssgcdn.com/12/48/45/item/1000145454812_i1_1200.jpg,수면관리,,,수면관리,,SERKAN 인스타그램/루틴/제품 추천 콘텐츠에 실제 등장한 제품.,
나이아신아마이드 페이스 앤 바디 에멀전,SERKAN 실제 콘텐츠 기반 Seed Dataset에서 추가,,,,수집됨,,2026년 6월 14일 오후 11:38,,디오디너리,5,,누끼/단독컷 있음,https://sitem.ssgcdn.com/43/81/78/item/1000585788143_i1_1200.jpg,장벽케어,,,피부관리,,SERKAN 인스타그램/루틴/제품 추천 콘텐츠에 실제 등장한 제품.,
오랄 린스,SERKAN 실제 콘텐츠 기반 Seed Dataset에서 추가,,,,수집됨,,2026년 6월 14일 오후 11:38,,테라브레스,5,,누끼/단독컷 있음,https://sitem.ssgcdn.com/30/79/53/item/1000546537930_i1_1200.jpg,홈케어,,,위생관리,,SERKAN 인스타그램/루틴/제품 추천 콘텐츠에 실제 등장한 제품.,
Prime,SERKAN 실제 콘텐츠 기반 Seed Dataset에서 추가,,,,수집됨,,2026년 6월 14일 오후 11:38,,테라건,5,,누끼/단독컷 있음,https://sitem.ssgcdn.com/84/43/20/item/1000456204384_i1_250.jpg,운동회복,,,바디관리,,SERKAN 인스타그램/루틴/제품 추천 콘텐츠에 실제 등장한 제품.,
Fucking Fabulous,SERKAN 실제 콘텐츠 기반 Seed Dataset에서 추가,,,,수집됨,,2026년 6월 14일 오후 11:38,,톰 포드,5,,누끼/단독컷 있음,https://cdn.shopify.com/s/files/1/0524/6733/5333/products/TomFordFuckingFabulous-2_1200x1200.jpg?v=1613502712,향수,,,스타일관리,,SERKAN 인스타그램/루틴/제품 추천 콘텐츠에 실제 등장한 제품.,
Ombre Leather,SERKAN 실제 콘텐츠 기반 Seed Dataset에서 추가,,,,수집됨,,2026년 6월 14일 오후 11:38,,톰 포드,5,,누끼/단독컷 있음,https://cdn.notinoimg.com/social/tom-ford/888066167017_01/ombre-leather___250903.jpg,향수,,,스타일관리,,SERKAN 인스타그램/루틴/제품 추천 콘텐츠에 실제 등장한 제품.,
Dive-In Toner,SERKAN 실제 콘텐츠 기반 Seed Dataset에서 추가,,,,수집됨,,2026년 6월 14일 오후 11:38,,토리든,5,,누끼/단독컷 있음,https://lzd-img-global.slatic.net/g/p/e4a03ec95cfd83d2f7f27fcbd3d651ce.png_720x720q80.png,장벽케어,,,피부관리,,SERKAN 인스타그램/루틴/제품 추천 콘텐츠에 실제 등장한 제품.,
솔리드인 세라마이드 크림,SERKAN 실제 콘텐츠 기반 Seed Dataset에서 추가,,,,수집됨,,2026년 6월 14일 오후 11:38,,토리든,5,,누끼/단독컷 있음,https://sitem.ssgcdn.com/29/16/89/item/2097001891629_i1_1200.jpg,장벽케어,,,피부관리,,SERKAN 인스타그램/루틴/제품 추천 콘텐츠에 실제 등장한 제품.,
클래식 뉴 향수 공병,SERKAN 실제 콘텐츠 기반 Seed Dataset에서 추가,,,,수집됨,,2026년 6월 14일 오후 11:38,,트라발로,5,,누끼/단독컷 있음,https://sitem.ssgcdn.com/65/42/70/item/1000036704265_i1_1200.jpg,향수,,,스타일관리,,SERKAN 인스타그램/루틴/제품 추천 콘텐츠에 실제 등장한 제품.,
얼그레이,SERKAN 실제 콘텐츠 기반 Seed Dataset에서 추가,,,,수집됨,,2026년 6월 14일 오후 11:38,,트와이닝,5,,누끼/단독컷 있음,https://sitem.ssgcdn.com/82/55/30/item/1000012305582_i1_1200.jpg,영양제,,,식단관리,,SERKAN 인스타그램/루틴/제품 추천 콘텐츠에 실제 등장한 제품.,
스킨로션,SERKAN 실제 콘텐츠 기반 Seed Dataset에서 추가,,,,수집됨,,2026년 6월 14일 오후 11:38,,우르오스,5,,누끼/단독컷 있음,https://images.unpa.me/1584817,장벽케어,,,피부관리,,SERKAN 인스타그램/루틴/제품 추천 콘텐츠에 실제 등장한 제품.,
요가매트,SERKAN 실제 콘텐츠 기반 Seed Dataset에서 추가,,,,수집됨,,2026년 6월 14일 오후 11:38,,발란시스,5,,일반 제품컷 있음,https://sitem.ssgcdn.com/04/46/65/item/1000059654604_i1_1100.jpg,운동회복,,,바디관리,,SERKAN 인스타그램/루틴/제품 추천 콘텐츠에 실제 등장한 제품.,
Eros Flame,SERKAN 실제 콘텐츠 기반 Seed Dataset에서 추가,,,,수집됨,,2026년 6월 14일 오후 11:38,,베르사체,5,,누끼/단독컷 있음,https://cdn.shopify.com/s/files/1/2170/5343/products/VERSACE-EROS-FLAME-100ML-EDP-MEN_1024x1024.png?v=1571610023,향수,,,스타일관리,,SERKAN 인스타그램/루틴/제품 추천 콘텐츠에 실제 등장한 제품.,
리들샷,SERKAN 실제 콘텐츠 기반 Seed Dataset에서 추가,,,,수집됨,,2026년 6월 14일 오후 11:38,,브이티,5,,누끼/단독컷 있음,https://sitem.ssgcdn.com/37/11/68/item/1000584681137_i1_1100.jpg,슬로우에이징,,,피부관리,,SERKAN 인스타그램/루틴/제품 추천 콘텐츠에 실제 등장한 제품.,
PDRN 광채 에센스,SERKAN 실제 콘텐츠 기반 Seed Dataset에서 추가,,,,수집됨,,2026년 6월 14일 오후 11:38,,브이티,5,,누끼/단독컷 있음,https://product-image.kurly.com/hdims/resize/%5E%3E720x%3E936/cropcenter/720x936/quality/85/src/product/image/fe2f7ce5-86e5-4161-bfe5-a2665566ce7d.jpg,슬로우에이징,,,피부관리,,SERKAN 인스타그램/루틴/제품 추천 콘텐츠에 실제 등장한 제품.,
중량조끼,SERKAN 실제 콘텐츠 기반 Seed Dataset에서 추가,,,,수집됨,,2026년 6월 14일 오후 11:38,,워드프렌즈,5,,일반 제품컷 있음,https://ecimg.cafe24img.com/pg417b05090940053/myweight1/web/product/big/20240909/02eaa460855517e1d6ab8928c87e6583.jpg,운동회복,,,바디관리,,SERKAN 인스타그램/루틴/제품 추천 콘텐츠에 실제 등장한 제품.,
온습도계,SERKAN 실제 콘텐츠 기반 Seed Dataset에서 추가,,,,수집됨,,2026년 6월 14일 오후 11:38,,웨더스테이션,5,,일반 제품컷 있음,https://cdn.shopify.com/s/files/1/1164/3030/products/CM2016_1.jpg?v=1455624884,홈케어,,,공간관리,,SERKAN 인스타그램/루틴/제품 추천 콘텐츠에 실제 등장한 제품.,
WHOOP Band,SERKAN 실제 콘텐츠 기반 Seed Dataset에서 추가,,,,수집됨,,2026년 6월 14일 오후 11:38,,후프,5,,누끼/단독컷 있음,http://cdn.shopify.com/s/files/1/0520/9420/6127/products/WHOOP-Shopify-BANDs-800x800-SuperKnit-New-Year-Fresh-Blue_2_1024x.png?v=1672953593,운동회복,,,바디관리,,SERKAN 인스타그램/루틴/제품 추천 콘텐츠에 실제 등장한 제품.,
텀블러,SERKAN 실제 콘텐츠 기반 Seed Dataset에서 추가,,,,수집됨,,2026년 6월 14일 오후 11:38,,예티,5,,누끼/단독컷 있음,https://eu.yeti.com/cdn/shop/files/Drinkware_Tumbler_20oz_Black_Studio_PrimaryB_ebfc92b4-aaf4-400e-8f19-bff7d72562b6.png?v=1718612017&width=1946,홈케어,,,공간관리,,SERKAN 인스타그램/루틴/제품 추천 콘텐츠에 실제 등장한 제품.,
아누아 제로캐스트 모이스처라이징 피니쉬 선스크린 SPF50,,,,SR26-SK-SS-P117,검수 필요,https://anua.com/products/zero-cast-moisturizing-finish-sunscreen,2026년 6월 15일 오전 10:39,,Anua,5,,누끼/단독컷 있음,https://cdn.shopify.com/s/files/1/0753/1429/9158/files/anua-us-sunscreen-zero-cast-moisturizing-finish-sunscreen-1239193733.jpg?v=1779176711,선케어,,,피부관리,,훅: 선크림 바르면 오후에 얼굴이 답답해 보여서 자꾸 건너뛰는 날에 맞다. / 문제: 출근길에는 바르지만 점심 지나면 유분과 답답함이 같이 올라와 다음 날 루틴에서 빠지기 쉽다. / 각도: 백탁보다 '바른 티 없이 버티는 얼굴'을 전면에 두는 데일리 SPF. / 근거: 아누아 공식 제품 페이지의 Zero-cast 선스크린 단품과 공식 CDN 단독 이미지를 확인했다.,높음
SKIN1004 포어마이징 퀵 클레이 스틱 마스크,,,,SR26-SK-HC-P104,검수 필요,https://www.skin1004.com/products/poremizing-quick-clay-stick-mask,2026년 6월 15일 오전 10:39,,SKIN1004,5,,일반 제품컷 있음,https://cdn.shopify.com/s/files/1/0590/4538/0253/files/skin1004-mask-pad-poremizing-quick-clay-stick-mask-40032146948342.png?v=1709706536,홈케어,,,피부관리,,훅: 퇴근하고 코 옆 유분이 손에 묻는 느낌이 싫을 때 쓰기 쉽다. / 문제: 팩은 번거롭고 세안만으로는 번들거림이 덜 정리돼 거울 앞에서 계속 신경이 간다. / 각도: 손에 묻히지 않는 피지 정리 스틱으로 '씻고 바로 끝내는 5분 루틴'을 만들 수 있다. / 근거: SKIN1004 공식 제품 페이지와 공식 CDN 제품 이미지를 확인했다.,보통
SKIN1004 포어마이징 프레쉬 앰플 100ml,,,,SR26-SK-HC-P105,검수 필요,https://www.skin1004.com/products/poremizing-fresh-ampoule,2026년 6월 15일 오전 10:39,,SKIN1004,5,,누끼/단독컷 있음,https://cdn.shopify.com/s/files/1/0590/4538/0253/products/skin1004-ampoule-serum-100ml-poremizing-fresh-ampoule-38642870780150.png?v=1677149786,홈케어,,,피부관리,,훅: 세수하고 30분만 지나도 코 주변이 다시 번들거리는 사람에게 맞다. / 문제: 유분을 잡으려고 세게 씻으면 볼은 당기고 T존만 다시 올라오는 패턴이 반복된다. / 각도: 피지와 모공을 '더 씻기'가 아니라 가벼운 앰플 루틴으로 다루는 방향. / 근거: SKIN1004 공식 제품 페이지와 공식 CDN 단독 PNG 이미지를 확인했다.,보통
SKIN1004 티트리카 릴리프 앰플 100ml,,,,SR26-SK-BR-P114,검수 필요,https://www.skin1004.com/products/tea-trica-relief-ampoule,2026년 6월 15일 오전 10:39,,SKIN1004,5,,누끼/단독컷 있음,https://cdn.shopify.com/s/files/1/0590/4538/0253/products/skin1004-ampoule-serum-100ml-tea-trica-relief-ampoule-38642934055158.png?v=1677150503,장벽케어,,,피부관리,,"훅: 면도하거나 마스크 오래 쓴 날 턱 주변이 울긋하게 올라올 때 붙이기 좋다. / 문제: 트러블이 생기면 가리려다 더 만지고, 다음날 아침까지 얼굴 컨디션이 신경 쓰인다. / 각도: 진정 앰플을 '피부가 예민해진 날의 정리 버튼'으로 말할 수 있다. / 근거: SKIN1004 공식 제품 페이지와 공식 CDN 단독 PNG 이미지를 확인했다.",보통